Parametro,Fuente,Anio,Mes,Cve_OOAD,Nombre_OOAD,Cve_Presupuestal,Nombre_Unidad,Sexo,Grupo_edad,Pacientes_DM,Atendidos_DM,PAMF,Prevalencia_DM
Censo DM,DIS,2014,12,14,Jalisco,141201252110,UMF 168 Tepatitlán,0,00 a 04,2,1,6213,0.03
Censo DM,DIS,2014,12,14,Jalisco,141201252110,UMF 168 Tepatitlán,0,05 a 09,7,2,6721,0.1
Censo DM,DIS,2014,12,14,Jalisco,141201252110,UMF 168 Tepatitlán,0,10 a 14,20,10,6823,0.29
Censo DM,DIS,2014,12,14,Jalisco,141201252110,UMF 168 Tepatitlán,0,15 a 19,22,10,4135,0.53
Censo DM,DIS,2014,12,14,Jalisco,141201252110,UMF 168 Tepatitlán,0,20 a 24,26,15,5147,0.51
Censo DM,DIS,2014,12,14,Jalisco,141201252110,UMF 168 Tepatitlán,0,25 a 29,40,30,5704,0.7
Censo DM,DIS,2014,12,14,Jalisco,141201252110,UMF 168 Tepatitlán,0,30 a 34,64,46,5560,1.15
Censo DM,DIS,2014,12,14,Jalisco,141201252110,UMF 168 Tepatitlán,0,35 a 39,134,97,5004,2.68
Censo DM,DIS,2014,12,14,Jalisco,141201252110,UMF 168 Tepatitlán,0,40 a 44,273,206,4924,5.54
Censo DM,DIS,2014,12,14,Jalisco,141201252110,UMF 168 Tepatitlán,0,45 a 49,330,255,4067,8.11
Censo DM,DIS,2014,12,14,Jalisco,141201252110,UMF 168 Tepatitlán,0,50 a 54,470,369,3312,14.19
Censo DM,DIS,2014,12,14,Jalisco,141201252110,UMF 168 Tepatitlán,0,55 a 59,537,421,2799,19.19
Censo DM,DIS,2014,12,14,Jalisco,141201252110,UMF 168 Tepatitlán,0,60 a 64,560,453,2306,24.28
Censo DM,DIS,2014,12,14,Jalisco,141201252110,UMF 168 Tepatitlán,0,65 a 69,587,472,2028,28.94
Censo DM,DIS,2014,12,14,Jalisco,141201252110,UMF 168 Tepatitlán,0,70 a 74,503,381,1623,30.99
Censo DM,DIS,2014,12,14,Jalisco,141201252110,UMF 168 Tepatitlán,0,75 a 79,369,268,1237,29.83
Censo DM,DIS,2014,12,14,Jalisco,141201252110,UMF 168 Tepatitlán,0,80 a 84,207,143,864,23.96
Censo DM,DIS,2014,12,14,Jalisco,141201252110,UMF 168 Tepatitlán,0,85 y mas,168,79,1089,15.43
Censo DM,DIS,2014,12,14,Jalisco,141201252110,UMF 168 Tepatitlán,1,00 a 04,1,1,3251,0.03
Censo DM,DIS,2014,12,14,Jalisco,141201252110,UMF 168 Tepatitlán,1,05 a 09,3,0,3464,0.09
Censo DM,DIS,2014,12,14,Jalisco,141201252110,UMF 168 Tepatitlán,1,10 a 14,12,6,3457,0.35
Censo DM,DIS,2014,12,14,Jalisco,141201252110,UMF 168 Tepatitlán,1,15 a 19,14,7,1914,0.73
Censo DM,DIS,2014,12,14,Jalisco,141201252110,UMF 168 Tepatitlán,1,20 a 24,11,5,2306,0.48
Censo DM,DIS,2014,12,14,Jalisco,141201252110,UMF 168 Tepatitlán,1,25 a 29,13,12,2597,0.5
Censo DM,DIS,2014,12,14,Jalisco,141201252110,UMF 168 Tepatitlán,1,30 a 34,32,25,2630,1.22
Censo DM,DIS,2014,12,14,Jalisco,141201252110,UMF 168 Tepatitlán,1,35 a 39,58,41,2344,2.4699999999999998
Censo DM,DIS,2014,12,14,Jalisco,141201252110,UMF 168 Tepatitlán,1,40 a 44,127,94,2328,5.46
Censo DM,DIS,2014,12,14,Jalisco,141201252110,UMF 168 Tepatitlán,1,45 a 49,148,108,1901,7.79
Censo DM,DIS,2014,12,14,Jalisco,141201252110,UMF 168 Tepatitlán,1,50 a 54,200,157,1523,13.13
Censo DM,DIS,2014,12,14,Jalisco,141201252110,UMF 168 Tepatitlán,1,55 a 59,219,174,1261,17.37
Censo DM,DIS,2014,12,14,Jalisco,141201252110,UMF 168 Tepatitlán,1,60 a 64,220,178,1061,20.74
Censo DM,DIS,2014,12,14,Jalisco,141201252110,UMF 168 Tepatitlán,1,65 a 69,218,174,880,24.77
Censo DM,DIS,2014,12,14,Jalisco,141201252110,UMF 168 Tepatitlán,1,70 a 74,210,168,729,28.81
Censo DM,DIS,2014,12,14,Jalisco,141201252110,UMF 168 Tepatitlán,1,75 a 79,169,124,569,29.7
Censo DM,DIS,2014,12,14,Jalisco,141201252110,UMF 168 Tepatitlán,1,80 a 84,79,56,379,20.84
Censo DM,DIS,2014,12,14,Jalisco,141201252110,UMF 168 Tepatitlán,1,85 y mas,64,36,504,12.7
Censo DM,DIS,2014,12,14,Jalisco,141201252110,UMF 168 Tepatitlán,2,00 a 04,1,0,2962,0.03
Censo DM,DIS,2014,12,14,Jalisco,141201252110,UMF 168 Tepatitlán,2,05 a 09,4,2,3257,0.12
Censo DM,DIS,2014,12,14,Jalisco,141201252110,UMF 168 Tepatitlán,2,10 a 14,8,4,3366,0.24
Censo DM,DIS,2014,12,14,Jalisco,141201252110,UMF 168 Tepatitlán,2,15 a 19,8,3,2221,0.36
Censo DM,DIS,2014,12,14,Jalisco,141201252110,UMF 168 Tepatitlán,2,20 a 24,15,10,2841,0.53
Censo DM,DIS,2014,12,14,Jalisco,141201252110,UMF 168 Tepatitlán,2,25 a 29,27,18,3107,0.87
Censo DM,DIS,2014,12,14,Jalisco,141201252110,UMF 168 Tepatitlán,2,30 a 34,32,21,2930,1.09
Censo DM,DIS,2014,12,14,Jalisco,141201252110,UMF 168 Tepatitlán,2,35 a 39,76,56,2660,2.86
Censo DM,DIS,2014,12,14,Jalisco,141201252110,UMF 168 Tepatitlán,2,40 a 44,146,112,2596,5.62
Censo DM,DIS,2014,12,14,Jalisco,141201252110,UMF 168 Tepatitlán,2,45 a 49,182,147,2166,8.4
Censo DM,DIS,2014,12,14,Jalisco,141201252110,UMF 168 Tepatitlán,2,50 a 54,270,212,1789,15.09
Censo DM,DIS,2014,12,14,Jalisco,141201252110,UMF 168 Tepatitlán,2,55 a 59,318,247,1538,20.68
Censo DM,DIS,2014,12,14,Jalisco,141201252110,UMF 168 Tepatitlán,2,60 a 64,340,275,1245,27.31
Censo DM,DIS,2014,12,14,Jalisco,141201252110,UMF 168 Tepatitlán,2,65 a 69,369,298,1148,32.14
Censo DM,DIS,2014,12,14,Jalisco,141201252110,UMF 168 Tepatitlán,2,70 a 74,293,213,894,32.77
Censo DM,DIS,2014,12,14,Jalisco,141201252110,UMF 168 Tepatitlán,2,75 a 79,200,144,668,29.94
Censo DM,DIS,2014,12,14,Jalisco,141201252110,UMF 168 Tepatitlán,2,80 a 84,128,87,485,26.39
Censo DM,DIS,2014,12,14,Jalisco,141201252110,UMF 168 Tepatitlán,2,85 y mas,104,43,585,17.78
Censo DM,DIS,2015,12,14,Jalisco,141201252110,UMF 168 Tepatitlán,0,00 a 04,4,1,6171,0.06
Censo DM,DIS,2015,12,14,Jalisco,141201252110,UMF 168 Tepatitlán,0,05 a 09,9,5,6883,0.13
Censo DM,DIS,2015,12,14,Jalisco,141201252110,UMF 168 Tepatitlán,0,10 a 14,17,11,6919,0.25
Censo DM,DIS,2015,12,14,Jalisco,141201252110,UMF 168 Tepatitlán,0,15 a 19,17,9,3913,0.43
Censo DM,DIS,2015,12,14,Jalisco,141201252110,UMF 168 Tepatitlán,0,20 a 24,37,19,5491,0.67
Censo DM,DIS,2015,12,14,Jalisco,141201252110,UMF 168 Tepatitlán,0,25 a 29,38,25,5966,0.64
Censo DM,DIS,2015,12,14,Jalisco,141201252110,UMF 168 Tepatitlán,0,30 a 34,86,56,5777,1.49
Censo DM,DIS,2015,12,14,Jalisco,141201252110,UMF 168 Tepatitlán,0,35 a 39,129,90,5150,2.5
Censo DM,DIS,2015,12,14,Jalisco,141201252110,UMF 168 Tepatitlán,0,40 a 44,265,201,5116,5.18
Censo DM,DIS,2015,12,14,Jalisco,141201252110,UMF 168 Tepatitlán,0,45 a 49,390,302,4249,9.18
Censo DM,DIS,2015,12,14,Jalisco,141201252110,UMF 168 Tepatitlán,0,50 a 54,495,380,3499,14.15
Censo DM,DIS,2015,12,14,Jalisco,141201252110,UMF 168 Tepatitlán,0,55 a 59,561,439,2877,19.5
Censo DM,DIS,2015,12,14,Jalisco,141201252110,UMF 168 Tepatitlán,0,60 a 64,668,535,2394,27.9
Censo DM,DIS,2015,12,14,Jalisco,141201252110,UMF 168 Tepatitlán,0,65 a 69,631,495,2119,29.78
Censo DM,DIS,2015,12,14,Jalisco,141201252110,UMF 168 Tepatitlán,0,70 a 74,585,432,1710,34.21
Censo DM,DIS,2015,12,14,Jalisco,141201252110,UMF 168 Tepatitlán,0,75 a 79,415,294,1278,32.47
Censo DM,DIS,2015,12,14,Jalisco,141201252110,UMF 168 Tepatitlán,0,80 a 84,238,169,891,26.71
Censo DM,DIS,2015,12,14,Jalisco,141201252110,UMF 168 Tepatitlán,0,85 y mas,184,86,1164,15.81
Censo DM,DIS,2015,12,14,Jalisco,141201252110,UMF 168 Tepatitlán,1,00 a 04,2,1,3185,0.06
Censo DM,DIS,2015,12,14,Jalisco,141201252110,UMF 168 Tepatitlán,1,05 a 09,6,3,3509,0.17
Censo DM,DIS,2015,12,14,Jalisco,141201252110,UMF 168 Tepatitlán,1,10 a 14,14,9,3533,0.4
Censo DM,DIS,2015,12,14,Jalisco,141201252110,UMF 168 Tepatitlán,1,15 a 19,7,3,1821,0.38
Censo DM,DIS,2015,12,14,Jalisco,141201252110,UMF 168 Tepatitlán,1,20 a 24,19,9,2548,0.75
Censo DM,DIS,2015,12,14,Jalisco,141201252110,UMF 168 Tepatitlán,1,25 a 29,10,7,2732,0.37
Censo DM,DIS,2015,12,14,Jalisco,141201252110,UMF 168 Tepatitlán,1,30 a 34,42,29,2754,1.53
Censo DM,DIS,2015,12,14,Jalisco,141201252110,UMF 168 Tepatitlán,1,35 a 39,58,36,2419,2.4
Censo DM,DIS,2015,12,14,Jalisco,141201252110,UMF 168 Tepatitlán,1,40 a 44,125,97,2395,5.22
Censo DM,DIS,2015,12,14,Jalisco,141201252110,UMF 168 Tepatitlán,1,45 a 49,174,127,1998,8.71
Censo DM,DIS,2015,12,14,Jalisco,141201252110,UMF 168 Tepatitlán,1,50 a 54,199,149,1616,12.31
Censo DM,DIS,2015,12,14,Jalisco,141201252110,UMF 168 Tepatitlán,1,55 a 59,240,181,1299,18.48
Censo DM,DIS,2015,12,14,Jalisco,141201252110,UMF 168 Tepatitlán,1,60 a 64,270,222,1067,25.3
Censo DM,DIS,2015,12,14,Jalisco,141201252110,UMF 168 Tepatitlán,1,65 a 69,238,184,940,25.32
Censo DM,DIS,2015,12,14,Jalisco,141201252110,UMF 168 Tepatitlán,1,70 a 74,246,186,756,32.54
Censo DM,DIS,2015,12,14,Jalisco,141201252110,UMF 168 Tepatitlán,1,75 a 79,189,136,569,33.22
Censo DM,DIS,2015,12,14,Jalisco,141201252110,UMF 168 Tepatitlán,1,80 a 84,99,72,412,24.03
Censo DM,DIS,2015,12,14,Jalisco,141201252110,UMF 168 Tepatitlán,1,85 y mas,59,33,529,11.15
Censo DM,DIS,2015,12,14,Jalisco,141201252110,UMF 168 Tepatitlán,2,00 a 04,2,0,2986,0.07
Censo DM,DIS,2015,12,14,Jalisco,141201252110,UMF 168 Tepatitlán,2,05 a 09,3,2,3374,0.09
Censo DM,DIS,2015,12,14,Jalisco,141201252110,UMF 168 Tepatitlán,2,10 a 14,3,2,3386,0.09
Censo DM,DIS,2015,12,14,Jalisco,141201252110,UMF 168 Tepatitlán,2,15 a 19,10,6,2092,0.48
Censo DM,DIS,2015,12,14,Jalisco,141201252110,UMF 168 Tepatitlán,2,20 a 24,18,10,2943,0.61
Censo DM,DIS,2015,12,14,Jalisco,141201252110,UMF 168 Tepatitlán,2,25 a 29,28,18,3234,0.87
Censo DM,DIS,2015,12,14,Jalisco,141201252110,UMF 168 Tepatitlán,2,30 a 34,44,27,3023,1.46
Censo DM,DIS,2015,12,14,Jalisco,141201252110,UMF 168 Tepatitlán,2,35 a 39,71,54,2731,2.6
Censo DM,DIS,2015,12,14,Jalisco,141201252110,UMF 168 Tepatitlán,2,40 a 44,140,104,2721,5.15
Censo DM,DIS,2015,12,14,Jalisco,141201252110,UMF 168 Tepatitlán,2,45 a 49,216,175,2251,9.6
Censo DM,DIS,2015,12,14,Jalisco,141201252110,UMF 168 Tepatitlán,2,50 a 54,296,231,1883,15.72
Censo DM,DIS,2015,12,14,Jalisco,141201252110,UMF 168 Tepatitlán,2,55 a 59,321,258,1578,20.34
Censo DM,DIS,2015,12,14,Jalisco,141201252110,UMF 168 Tepatitlán,2,60 a 64,398,313,1327,29.99
Censo DM,DIS,2015,12,14,Jalisco,141201252110,UMF 168 Tepatitlán,2,65 a 69,393,311,1179,33.33
Censo DM,DIS,2015,12,14,Jalisco,141201252110,UMF 168 Tepatitlán,2,70 a 74,339,246,954,35.53
Censo DM,DIS,2015,12,14,Jalisco,141201252110,UMF 168 Tepatitlán,2,75 a 79,226,158,709,31.88
Censo DM,DIS,2015,12,14,Jalisco,141201252110,UMF 168 Tepatitlán,2,80 a 84,139,97,479,29.02
Censo DM,DIS,2015,12,14,Jalisco,141201252110,UMF 168 Tepatitlán,2,85 y mas,125,53,635,19.69
Censo DM,DIS,2016,12,14,Jalisco,141201252110,UMF 168 Tepatitlán,0,00 a 04,1,1,6106,0.02
Censo DM,DIS,2016,12,14,Jalisco,141201252110,UMF 168 Tepatitlán,0,05 a 09,6,5,6881,0.09
Censo DM,DIS,2016,12,14,Jalisco,141201252110,UMF 168 Tepatitlán,0,10 a 14,20,13,6971,0.29
Censo DM,DIS,2016,12,14,Jalisco,141201252110,UMF 168 Tepatitlán,0,15 a 19,15,9,3493,0.43
Censo DM,DIS,2016,12,14,Jalisco,141201252110,UMF 168 Tepatitlán,0,20 a 24,26,15,4442,0.59
Censo DM,DIS,2016,12,14,Jalisco,141201252110,UMF 168 Tepatitlán,0,25 a 29,51,40,5750,0.89
Censo DM,DIS,2016,12,14,Jalisco,141201252110,UMF 168 Tepatitlán,0,30 a 34,91,55,6013,1.51
Censo DM,DIS,2016,12,14,Jalisco,141201252110,UMF 168 Tepatitlán,0,35 a 39,137,101,5261,2.6
Censo DM,DIS,2016,12,14,Jalisco,141201252110,UMF 168 Tepatitlán,0,40 a 44,280,212,5064,5.53
Censo DM,DIS,2016,12,14,Jalisco,141201252110,UMF 168 Tepatitlán,0,45 a 49,420,324,4388,9.57
Censo DM,DIS,2016,12,14,Jalisco,141201252110,UMF 168 Tepatitlán,0,50 a 54,544,420,3669,14.83
Censo DM,DIS,2016,12,14,Jalisco,141201252110,UMF 168 Tepatitlán,0,55 a 59,613,470,2967,20.66
Censo DM,DIS,2016,12,14,Jalisco,141201252110,UMF 168 Tepatitlán,0,60 a 64,713,550,2490,28.63
Censo DM,DIS,2016,12,14,Jalisco,141201252110,UMF 168 Tepatitlán,0,65 a 69,663,523,2107,31.47
Censo DM,DIS,2016,12,14,Jalisco,141201252110,UMF 168 Tepatitlán,0,70 a 74,590,451,1730,34.1
Censo DM,DIS,2016,12,14,Jalisco,141201252110,UMF 168 Tepatitlán,0,75 a 79,424,306,1272,33.33
Censo DM,DIS,2016,12,14,Jalisco,141201252110,UMF 168 Tepatitlán,0,80 a 84,252,184,876,28.77
Censo DM,DIS,2016,12,14,Jalisco,141201252110,UMF 168 Tepatitlán,0,85 y mas,192,95,1110,17.3
Censo DM,DIS,2016,12,14,Jalisco,141201252110,UMF 168 Tepatitlán,1,00 a 04,1,1,3145,0.03
Censo DM,DIS,2016,12,14,Jalisco,141201252110,UMF 168 Tepatitlán,1,05 a 09,5,4,3473,0.14
Censo DM,DIS,2016,12,14,Jalisco,141201252110,UMF 168 Tepatitlán,1,10 a 14,14,10,3620,0.39
Censo DM,DIS,2016,12,14,Jalisco,141201252110,UMF 168 Tepatitlán,1,15 a 19,6,3,1644,0.36
Censo DM,DIS,2016,12,14,Jalisco,141201252110,UMF 168 Tepatitlán,1,20 a 24,14,8,2096,0.67
Censo DM,DIS,2016,12,14,Jalisco,141201252110,UMF 168 Tepatitlán,1,25 a 29,21,17,2668,0.79
Censo DM,DIS,2016,12,14,Jalisco,141201252110,UMF 168 Tepatitlán,1,30 a 34,40,30,2913,1.37
Censo DM,DIS,2016,12,14,Jalisco,141201252110,UMF 168 Tepatitlán,1,35 a 39,64,46,2505,2.55
Censo DM,DIS,2016,12,14,Jalisco,141201252110,UMF 168 Tepatitlán,1,40 a 44,134,98,2411,5.5600000000000005
Censo DM,DIS,2016,12,14,Jalisco,141201252110,UMF 168 Tepatitlán,1,45 a 49,196,154,2096,9.35
Censo DM,DIS,2016,12,14,Jalisco,141201252110,UMF 168 Tepatitlán,1,50 a 54,222,159,1718,12.92
Censo DM,DIS,2016,12,14,Jalisco,141201252110,UMF 168 Tepatitlán,1,55 a 59,249,187,1378,18.07
Censo DM,DIS,2016,12,14,Jalisco,141201252110,UMF 168 Tepatitlán,1,60 a 64,296,232,1135,26.08
Censo DM,DIS,2016,12,14,Jalisco,141201252110,UMF 168 Tepatitlán,1,65 a 69,258,193,958,26.93
Censo DM,DIS,2016,12,14,Jalisco,141201252110,UMF 168 Tepatitlán,1,70 a 74,240,183,767,31.29
Censo DM,DIS,2016,12,14,Jalisco,141201252110,UMF 168 Tepatitlán,1,75 a 79,196,150,573,34.21
Censo DM,DIS,2016,12,14,Jalisco,141201252110,UMF 168 Tepatitlán,1,80 a 84,98,72,391,25.06
Censo DM,DIS,2016,12,14,Jalisco,141201252110,UMF 168 Tepatitlán,1,85 y mas,72,41,511,14.09
Censo DM,DIS,2016,12,14,Jalisco,141201252110,UMF 168 Tepatitlán,2,05 a 09,1,1,3408,0.03
Censo DM,DIS,2016,12,14,Jalisco,141201252110,UMF 168 Tepatitlán,2,10 a 14,6,3,3351,0.18
Censo DM,DIS,2016,12,14,Jalisco,141201252110,UMF 168 Tepatitlán,2,15 a 19,9,6,1849,0.49
Censo DM,DIS,2016,12,14,Jalisco,141201252110,UMF 168 Tepatitlán,2,20 a 24,12,7,2346,0.51
Censo DM,DIS,2016,12,14,Jalisco,141201252110,UMF 168 Tepatitlán,2,25 a 29,30,23,3082,0.97
Censo DM,DIS,2016,12,14,Jalisco,141201252110,UMF 168 Tepatitlán,2,30 a 34,51,25,3100,1.65
Censo DM,DIS,2016,12,14,Jalisco,141201252110,UMF 168 Tepatitlán,2,35 a 39,73,55,2756,2.65
Censo DM,DIS,2016,12,14,Jalisco,141201252110,UMF 168 Tepatitlán,2,40 a 44,146,114,2653,5.5
Censo DM,DIS,2016,12,14,Jalisco,141201252110,UMF 168 Tepatitlán,2,45 a 49,224,170,2292,9.77
Censo DM,DIS,2016,12,14,Jalisco,141201252110,UMF 168 Tepatitlán,2,50 a 54,322,261,1951,16.5
Censo DM,DIS,2016,12,14,Jalisco,141201252110,UMF 168 Tepatitlán,2,55 a 59,364,283,1589,22.91
Censo DM,DIS,2016,12,14,Jalisco,141201252110,UMF 168 Tepatitlán,2,60 a 64,417,318,1355,30.77
Censo DM,DIS,2016,12,14,Jalisco,141201252110,UMF 168 Tepatitlán,2,65 a 69,405,330,1149,35.25
Censo DM,DIS,2016,12,14,Jalisco,141201252110,UMF 168 Tepatitlán,2,70 a 74,350,268,963,36.34
Censo DM,DIS,2016,12,14,Jalisco,141201252110,UMF 168 Tepatitlán,2,75 a 79,228,156,699,32.62
Censo DM,DIS,2016,12,14,Jalisco,141201252110,UMF 168 Tepatitlán,2,80 a 84,154,112,485,31.75
Censo DM,DIS,2016,12,14,Jalisco,141201252110,UMF 168 Tepatitlán,2,85 y mas,120,54,599,20.03
Censo DM,DIS,2017,12,14,Jalisco,141201252110,UMF 168 Tepatitlán,0,00 a 04,4,1,6289,0.06
Censo DM,DIS,2017,12,14,Jalisco,141201252110,UMF 168 Tepatitlán,0,05 a 09,6,5,7021,0.09
Censo DM,DIS,2017,12,14,Jalisco,141201252110,UMF 168 Tepatitlán,0,10 a 14,15,13,7201,0.21
Censo DM,DIS,2017,12,14,Jalisco,141201252110,UMF 168 Tepatitlán,0,15 a 19,16,10,4063,0.39
Censo DM,DIS,2017,12,14,Jalisco,141201252110,UMF 168 Tepatitlán,0,20 a 24,32,21,4987,0.64
Censo DM,DIS,2017,12,14,Jalisco,141201252110,UMF 168 Tepatitlán,0,25 a 29,58,43,5943,0.98
Censo DM,DIS,2017,12,14,Jalisco,141201252110,UMF 168 Tepatitlán,0,30 a 34,94,68,6266,1.5
Censo DM,DIS,2017,12,14,Jalisco,141201252110,UMF 168 Tepatitlán,0,35 a 39,149,112,5580,2.67
Censo DM,DIS,2017,12,14,Jalisco,141201252110,UMF 168 Tepatitlán,0,40 a 44,272,208,5155,5.28
Censo DM,DIS,2017,12,14,Jalisco,141201252110,UMF 168 Tepatitlán,0,45 a 49,451,337,4741,9.51
Censo DM,DIS,2017,12,14,Jalisco,141201252110,UMF 168 Tepatitlán,0,50 a 54,579,442,3973,14.57
Censo DM,DIS,2017,12,14,Jalisco,141201252110,UMF 168 Tepatitlán,0,55 a 59,647,511,3183,20.33
Censo DM,DIS,2017,12,14,Jalisco,141201252110,UMF 168 Tepatitlán,0,60 a 64,754,575,2752,27.4
Censo DM,DIS,2017,12,14,Jalisco,141201252110,UMF 168 Tepatitlán,0,65 a 69,649,518,2188,29.66
Censo DM,DIS,2017,12,14,Jalisco,141201252110,UMF 168 Tepatitlán,0,70 a 74,640,499,1804,35.48
Censo DM,DIS,2017,12,14,Jalisco,141201252110,UMF 168 Tepatitlán,0,75 a 79,448,341,1345,33.31
Censo DM,DIS,2017,12,14,Jalisco,141201252110,UMF 168 Tepatitlán,0,80 a 84,282,203,934,30.19
Censo DM,DIS,2017,12,14,Jalisco,141201252110,UMF 168 Tepatitlán,0,85 y mas,205,104,1255,16.33
Censo DM,DIS,2017,12,14,Jalisco,141201252110,UMF 168 Tepatitlán,1,00 a 04,4,1,3221,0.12
Censo DM,DIS,2017,12,14,Jalisco,141201252110,UMF 168 Tepatitlán,1,05 a 09,5,4,3599,0.14
Censo DM,DIS,2017,12,14,Jalisco,141201252110,UMF 168 Tepatitlán,1,10 a 14,10,10,3704,0.27
Censo DM,DIS,2017,12,14,Jalisco,141201252110,UMF 168 Tepatitlán,1,15 a 19,5,4,1921,0.26
Censo DM,DIS,2017,12,14,Jalisco,141201252110,UMF 168 Tepatitlán,1,20 a 24,14,8,2343,0.6
Censo DM,DIS,2017,12,14,Jalisco,141201252110,UMF 168 Tepatitlán,1,25 a 29,28,19,2757,1.02
Censo DM,DIS,2017,12,14,Jalisco,141201252110,UMF 168 Tepatitlán,1,30 a 34,36,26,2985,1.21
Censo DM,DIS,2017,12,14,Jalisco,141201252110,UMF 168 Tepatitlán,1,35 a 39,74,55,2646,2.8
Censo DM,DIS,2017,12,14,Jalisco,141201252110,UMF 168 Tepatitlán,1,40 a 44,132,95,2460,5.37
Censo DM,DIS,2017,12,14,Jalisco,141201252110,UMF 168 Tepatitlán,1,45 a 49,220,149,2239,9.83
Censo DM,DIS,2017,12,14,Jalisco,141201252110,UMF 168 Tepatitlán,1,50 a 54,234,164,1845,12.68
Censo DM,DIS,2017,12,14,Jalisco,141201252110,UMF 168 Tepatitlán,1,55 a 59,267,205,1447,18.45
Censo DM,DIS,2017,12,14,Jalisco,141201252110,UMF 168 Tepatitlán,1,60 a 64,309,237,1278,24.18
Censo DM,DIS,2017,12,14,Jalisco,141201252110,UMF 168 Tepatitlán,1,65 a 69,260,208,1014,25.64
Censo DM,DIS,2017,12,14,Jalisco,141201252110,UMF 168 Tepatitlán,1,70 a 74,263,198,814,32.31
Censo DM,DIS,2017,12,14,Jalisco,141201252110,UMF 168 Tepatitlán,1,75 a 79,188,148,586,32.08
Censo DM,DIS,2017,12,14,Jalisco,141201252110,UMF 168 Tepatitlán,1,80 a 84,117,81,418,27.99
Censo DM,DIS,2017,12,14,Jalisco,141201252110,UMF 168 Tepatitlán,1,85 y mas,85,46,568,14.96
Censo DM,DIS,2017,12,14,Jalisco,141201252110,UMF 168 Tepatitlán,2,05 a 09,1,1,3422,0.03
Censo DM,DIS,2017,12,14,Jalisco,141201252110,UMF 168 Tepatitlán,2,10 a 14,5,3,3497,0.14
Censo DM,DIS,2017,12,14,Jalisco,141201252110,UMF 168 Tepatitlán,2,15 a 19,11,6,2142,0.51
Censo DM,DIS,2017,12,14,Jalisco,141201252110,UMF 168 Tepatitlán,2,20 a 24,18,13,2644,0.68
Censo DM,DIS,2017,12,14,Jalisco,141201252110,UMF 168 Tepatitlán,2,25 a 29,30,24,3186,0.94
Censo DM,DIS,2017,12,14,Jalisco,141201252110,UMF 168 Tepatitlán,2,30 a 34,58,42,3281,1.77
Censo DM,DIS,2017,12,14,Jalisco,141201252110,UMF 168 Tepatitlán,2,35 a 39,75,57,2934,2.56
Censo DM,DIS,2017,12,14,Jalisco,141201252110,UMF 168 Tepatitlán,2,40 a 44,140,113,2695,5.19
Censo DM,DIS,2017,12,14,Jalisco,141201252110,UMF 168 Tepatitlán,2,45 a 49,231,188,2502,9.23
Censo DM,DIS,2017,12,14,Jalisco,141201252110,UMF 168 Tepatitlán,2,50 a 54,345,278,2128,16.21
Censo DM,DIS,2017,12,14,Jalisco,141201252110,UMF 168 Tepatitlán,2,55 a 59,380,306,1736,21.89
Censo DM,DIS,2017,12,14,Jalisco,141201252110,UMF 168 Tepatitlán,2,60 a 64,445,338,1474,30.19
Censo DM,DIS,2017,12,14,Jalisco,141201252110,UMF 168 Tepatitlán,2,65 a 69,389,310,1174,33.13
Censo DM,DIS,2017,12,14,Jalisco,141201252110,UMF 168 Tepatitlán,2,70 a 74,377,301,990,38.08
Censo DM,DIS,2017,12,14,Jalisco,141201252110,UMF 168 Tepatitlán,2,75 a 79,260,193,759,34.26
Censo DM,DIS,2017,12,14,Jalisco,141201252110,UMF 168 Tepatitlán,2,80 a 84,165,122,516,31.98
Censo DM,DIS,2017,12,14,Jalisco,141201252110,UMF 168 Tepatitlán,2,85 y mas,120,58,687,17.47
Censo DM,DIS,2018,12,14,Jalisco,141201252110,UMF 168 Tepatitlán,0,00 a 04,2,1,6491,0.03
Censo DM,DIS,2018,12,14,Jalisco,141201252110,UMF 168 Tepatitlán,0,05 a 09,9,6,7167,0.13
Censo DM,DIS,2018,12,14,Jalisco,141201252110,UMF 168 Tepatitlán,0,10 a 14,17,14,7408,0.23
Censo DM,DIS,2018,12,14,Jalisco,141201252110,UMF 168 Tepatitlán,0,15 a 19,15,10,4070,0.37
Censo DM,DIS,2018,12,14,Jalisco,141201252110,UMF 168 Tepatitlán,0,20 a 24,32,26,5459,0.59
Censo DM,DIS,2018,12,14,Jalisco,141201252110,UMF 168 Tepatitlán,0,25 a 29,78,58,6233,1.25
Censo DM,DIS,2018,12,14,Jalisco,141201252110,UMF 168 Tepatitlán,0,30 a 34,106,78,6420,1.65
Censo DM,DIS,2018,12,14,Jalisco,141201252110,UMF 168 Tepatitlán,0,35 a 39,180,142,5834,3.09
Censo DM,DIS,2018,12,14,Jalisco,141201252110,UMF 168 Tepatitlán,0,40 a 44,312,245,5274,5.92
Censo DM,DIS,2018,12,14,Jalisco,141201252110,UMF 168 Tepatitlán,0,45 a 49,503,377,5079,9.9
Censo DM,DIS,2018,12,14,Jalisco,141201252110,UMF 168 Tepatitlán,0,50 a 54,647,503,4202,15.4
Censo DM,DIS,2018,12,14,Jalisco,141201252110,UMF 168 Tepatitlán,0,55 a 59,713,575,3479,20.49
Censo DM,DIS,2018,12,14,Jalisco,141201252110,UMF 168 Tepatitlán,0,60 a 64,785,630,2891,27.15
Censo DM,DIS,2018,12,14,Jalisco,141201252110,UMF 168 Tepatitlán,0,65 a 69,676,545,2295,29.46
Censo DM,DIS,2018,12,14,Jalisco,141201252110,UMF 168 Tepatitlán,0,70 a 74,650,518,1877,34.63
Censo DM,DIS,2018,12,14,Jalisco,141201252110,UMF 168 Tepatitlán,0,75 a 79,444,349,1416,31.36
Censo DM,DIS,2018,12,14,Jalisco,141201252110,UMF 168 Tepatitlán,0,80 a 84,270,184,996,27.11
Censo DM,DIS,2018,12,14,Jalisco,141201252110,UMF 168 Tepatitlán,0,85 y mas,166,81,1318,12.59
Censo DM,DIS,2018,12,14,Jalisco,141201252110,UMF 168 Tepatitlán,1,00 a 04,2,1,3302,0.06
Censo DM,DIS,2018,12,14,Jalisco,141201252110,UMF 168 Tepatitlán,1,05 a 09,6,4,3700,0.16
Censo DM,DIS,2018,12,14,Jalisco,141201252110,UMF 168 Tepatitlán,1,10 a 14,12,9,3778,0.32
Censo DM,DIS,2018,12,14,Jalisco,141201252110,UMF 168 Tepatitlán,1,15 a 19,4,4,1908,0.21
Censo DM,DIS,2018,12,14,Jalisco,141201252110,UMF 168 Tepatitlán,1,20 a 24,15,11,2500,0.6
Censo DM,DIS,2018,12,14,Jalisco,141201252110,UMF 168 Tepatitlán,1,25 a 29,35,26,2854,1.23
Censo DM,DIS,2018,12,14,Jalisco,141201252110,UMF 168 Tepatitlán,1,30 a 34,41,26,3042,1.35
Censo DM,DIS,2018,12,14,Jalisco,141201252110,UMF 168 Tepatitlán,1,35 a 39,85,63,2743,3.1
Censo DM,DIS,2018,12,14,Jalisco,141201252110,UMF 168 Tepatitlán,1,40 a 44,150,113,2512,5.97
Censo DM,DIS,2018,12,14,Jalisco,141201252110,UMF 168 Tepatitlán,1,45 a 49,237,158,2397,9.89
Censo DM,DIS,2018,12,14,Jalisco,141201252110,UMF 168 Tepatitlán,1,50 a 54,259,186,1959,13.22
Censo DM,DIS,2018,12,14,Jalisco,141201252110,UMF 168 Tepatitlán,1,55 a 59,295,233,1586,18.6
Censo DM,DIS,2018,12,14,Jalisco,141201252110,UMF 168 Tepatitlán,1,60 a 64,322,255,1334,24.14
Censo DM,DIS,2018,12,14,Jalisco,141201252110,UMF 168 Tepatitlán,1,65 a 69,276,218,1074,25.7
Censo DM,DIS,2018,12,14,Jalisco,141201252110,UMF 168 Tepatitlán,1,70 a 74,268,213,843,31.79
Censo DM,DIS,2018,12,14,Jalisco,141201252110,UMF 168 Tepatitlán,1,75 a 79,197,160,604,32.62
Censo DM,DIS,2018,12,14,Jalisco,141201252110,UMF 168 Tepatitlán,1,80 a 84,117,77,444,26.35
Censo DM,DIS,2018,12,14,Jalisco,141201252110,UMF 168 Tepatitlán,1,85 y mas,66,33,599,11.02
Censo DM,DIS,2018,12,14,Jalisco,141201252110,UMF 168 Tepatitlán,2,05 a 09,3,2,3467,0.09
Censo DM,DIS,2018,12,14,Jalisco,141201252110,UMF 168 Tepatitlán,2,10 a 14,5,5,3630,0.14
Censo DM,DIS,2018,12,14,Jalisco,141201252110,UMF 168 Tepatitlán,2,15 a 19,11,6,2162,0.51
Censo DM,DIS,2018,12,14,Jalisco,141201252110,UMF 168 Tepatitlán,2,20 a 24,17,15,2959,0.57
Censo DM,DIS,2018,12,14,Jalisco,141201252110,UMF 168 Tepatitlán,2,25 a 29,43,32,3379,1.27
Censo DM,DIS,2018,12,14,Jalisco,141201252110,UMF 168 Tepatitlán,2,30 a 34,65,52,3378,1.92
Censo DM,DIS,2018,12,14,Jalisco,141201252110,UMF 168 Tepatitlán,2,35 a 39,95,79,3091,3.07
Censo DM,DIS,2018,12,14,Jalisco,141201252110,UMF 168 Tepatitlán,2,40 a 44,162,132,2762,5.87
Censo DM,DIS,2018,12,14,Jalisco,141201252110,UMF 168 Tepatitlán,2,45 a 49,266,219,2682,9.92
Censo DM,DIS,2018,12,14,Jalisco,141201252110,UMF 168 Tepatitlán,2,50 a 54,388,317,2243,17.3
Censo DM,DIS,2018,12,14,Jalisco,141201252110,UMF 168 Tepatitlán,2,55 a 59,418,342,1893,22.08
Censo DM,DIS,2018,12,14,Jalisco,141201252110,UMF 168 Tepatitlán,2,60 a 64,463,375,1557,29.74
Censo DM,DIS,2018,12,14,Jalisco,141201252110,UMF 168 Tepatitlán,2,65 a 69,400,327,1221,32.76
Censo DM,DIS,2018,12,14,Jalisco,141201252110,UMF 168 Tepatitlán,2,70 a 74,382,305,1034,36.94
Censo DM,DIS,2018,12,14,Jalisco,141201252110,UMF 168 Tepatitlán,2,75 a 79,247,189,812,30.42
Censo DM,DIS,2018,12,14,Jalisco,141201252110,UMF 168 Tepatitlán,2,80 a 84,153,107,552,27.72
Censo DM,DIS,2018,12,14,Jalisco,141201252110,UMF 168 Tepatitlán,2,85 y mas,100,48,719,13.91
Censo DM,DIS/DVEET,2019,12,14,Jalisco,141201252110,UMF 168 Tepatitlán,0,00 a 04,1,1,6528,0.02
Censo DM,DIS/DVEET,2019,12,14,Jalisco,141201252110,UMF 168 Tepatitlán,0,05 a 09,9,7,7303,0.12
Censo DM,DIS/DVEET,2019,12,14,Jalisco,141201252110,UMF 168 Tepatitlán,0,10 a 14,9,8,7450,0.12
Censo DM,DIS/DVEET,2019,12,14,Jalisco,141201252110,UMF 168 Tepatitlán,0,15 a 19,24,19,4105,0.58
Censo DM,DIS/DVEET,2019,12,14,Jalisco,141201252110,UMF 168 Tepatitlán,0,20 a 24,28,25,5687,0.49
Censo DM,DIS/DVEET,2019,12,14,Jalisco,141201252110,UMF 168 Tepatitlán,0,25 a 29,64,45,6445,0.99
Censo DM,DIS/DVEET,2019,12,14,Jalisco,141201252110,UMF 168 Tepatitlán,0,30 a 34,124,109,6567,1.8900000000000001
Censo DM,DIS/DVEET,2019,12,14,Jalisco,141201252110,UMF 168 Tepatitlán,0,35 a 39,177,121,6101,2.9
Censo DM,DIS/DVEET,2019,12,14,Jalisco,141201252110,UMF 168 Tepatitlán,0,40 a 44,289,220,5442,5.31
Censo DM,DIS/DVEET,2019,12,14,Jalisco,141201252110,UMF 168 Tepatitlán,0,45 a 49,531,404,5343,9.94
Censo DM,DIS/DVEET,2019,12,14,Jalisco,141201252110,UMF 168 Tepatitlán,0,50 a 54,658,508,4481,14.68
Censo DM,DIS/DVEET,2019,12,14,Jalisco,141201252110,UMF 168 Tepatitlán,0,55 a 59,767,635,3760,20.4
Censo DM,DIS/DVEET,2019,12,14,Jalisco,141201252110,UMF 168 Tepatitlán,0,60 a 64,828,689,3162,26.19
Censo DM,DIS/DVEET,2019,12,14,Jalisco,141201252110,UMF 168 Tepatitlán,0,65 a 69,773,631,2425,31.88
Censo DM,DIS/DVEET,2019,12,14,Jalisco,141201252110,UMF 168 Tepatitlán,0,70 a 74,714,598,1989,35.9
Censo DM,DIS/DVEET,2019,12,14,Jalisco,141201252110,UMF 168 Tepatitlán,0,75 a 79,553,441,1517,36.45
Censo DM,DIS/DVEET,2019,12,14,Jalisco,141201252110,UMF 168 Tepatitlán,0,80 a 84,337,251,1057,31.88
Censo DM,DIS/DVEET,2019,12,14,Jalisco,141201252110,UMF 168 Tepatitlán,0,85 y mas,215,123,1438,14.95
Censo DM,DIS/DVEET,2019,12,14,Jalisco,141201252110,UMF 168 Tepatitlán,1,00 a 04,1,1,3326,0.03
Censo DM,DIS/DVEET,2019,12,14,Jalisco,141201252110,UMF 168 Tepatitlán,1,05 a 09,7,6,3832,0.18
Censo DM,DIS/DVEET,2019,12,14,Jalisco,141201252110,UMF 168 Tepatitlán,1,10 a 14,5,4,3812,0.13
Censo DM,DIS/DVEET,2019,12,14,Jalisco,141201252110,UMF 168 Tepatitlán,1,15 a 19,14,13,1940,0.72
Censo DM,DIS/DVEET,2019,12,14,Jalisco,141201252110,UMF 168 Tepatitlán,1,20 a 24,13,10,2595,0.5
Censo DM,DIS/DVEET,2019,12,14,Jalisco,141201252110,UMF 168 Tepatitlán,1,25 a 29,29,19,2978,0.97
Censo DM,DIS/DVEET,2019,12,14,Jalisco,141201252110,UMF 168 Tepatitlán,1,30 a 34,41,35,3032,1.35
Censo DM,DIS/DVEET,2019,12,14,Jalisco,141201252110,UMF 168 Tepatitlán,1,35 a 39,86,58,2903,2.96
Censo DM,DIS/DVEET,2019,12,14,Jalisco,141201252110,UMF 168 Tepatitlán,1,40 a 44,129,100,2561,5.04
Censo DM,DIS/DVEET,2019,12,14,Jalisco,141201252110,UMF 168 Tepatitlán,1,45 a 49,252,177,2520,10
Censo DM,DIS/DVEET,2019,12,14,Jalisco,141201252110,UMF 168 Tepatitlán,1,50 a 54,282,208,2075,13.59
Censo DM,DIS/DVEET,2019,12,14,Jalisco,141201252110,UMF 168 Tepatitlán,1,55 a 59,327,265,1752,18.66
Censo DM,DIS/DVEET,2019,12,14,Jalisco,141201252110,UMF 168 Tepatitlán,1,60 a 64,329,273,1456,22.6
Censo DM,DIS/DVEET,2019,12,14,Jalisco,141201252110,UMF 168 Tepatitlán,1,65 a 69,327,258,1135,28.81
Censo DM,DIS/DVEET,2019,12,14,Jalisco,141201252110,UMF 168 Tepatitlán,1,70 a 74,292,250,882,33.11
Censo DM,DIS/DVEET,2019,12,14,Jalisco,141201252110,UMF 168 Tepatitlán,1,75 a 79,243,185,665,36.54
Censo DM,DIS/DVEET,2019,12,14,Jalisco,141201252110,UMF 168 Tepatitlán,1,80 a 84,145,103,460,31.52
Censo DM,DIS/DVEET,2019,12,14,Jalisco,141201252110,UMF 168 Tepatitlán,1,85 y mas,86,50,651,13.21
Censo DM,DIS/DVEET,2019,12,14,Jalisco,141201252110,UMF 168 Tepatitlán,2,05 a 09,2,1,3471,0.06
Censo DM,DIS/DVEET,2019,12,14,Jalisco,141201252110,UMF 168 Tepatitlán,2,10 a 14,4,4,3638,0.11
Censo DM,DIS/DVEET,2019,12,14,Jalisco,141201252110,UMF 168 Tepatitlán,2,15 a 19,10,6,2165,0.46
Censo DM,DIS/DVEET,2019,12,14,Jalisco,141201252110,UMF 168 Tepatitlán,2,20 a 24,15,15,3092,0.49
Censo DM,DIS/DVEET,2019,12,14,Jalisco,141201252110,UMF 168 Tepatitlán,2,25 a 29,35,26,3467,1.01
Censo DM,DIS/DVEET,2019,12,14,Jalisco,141201252110,UMF 168 Tepatitlán,2,30 a 34,83,74,3535,2.35
Censo DM,DIS/DVEET,2019,12,14,Jalisco,141201252110,UMF 168 Tepatitlán,2,35 a 39,91,63,3198,2.85
Censo DM,DIS/DVEET,2019,12,14,Jalisco,141201252110,UMF 168 Tepatitlán,2,40 a 44,160,120,2881,5.55
Censo DM,DIS/DVEET,2019,12,14,Jalisco,141201252110,UMF 168 Tepatitlán,2,45 a 49,279,227,2823,9.88
Censo DM,DIS/DVEET,2019,12,14,Jalisco,141201252110,UMF 168 Tepatitlán,2,50 a 54,376,300,2406,15.63
Censo DM,DIS/DVEET,2019,12,14,Jalisco,141201252110,UMF 168 Tepatitlán,2,55 a 59,440,370,2008,21.91
Censo DM,DIS/DVEET,2019,12,14,Jalisco,141201252110,UMF 168 Tepatitlán,2,60 a 64,499,416,1706,29.25
Censo DM,DIS/DVEET,2019,12,14,Jalisco,141201252110,UMF 168 Tepatitlán,2,65 a 69,446,373,1290,34.57
Censo DM,DIS/DVEET,2019,12,14,Jalisco,141201252110,UMF 168 Tepatitlán,2,70 a 74,422,348,1107,38.12
Censo DM,DIS/DVEET,2019,12,14,Jalisco,141201252110,UMF 168 Tepatitlán,2,75 a 79,310,256,852,36.38
Censo DM,DIS/DVEET,2019,12,14,Jalisco,141201252110,UMF 168 Tepatitlán,2,80 a 84,192,148,597,32.16
Censo DM,DIS/DVEET,2019,12,14,Jalisco,141201252110,UMF 168 Tepatitlán,2,85 y mas,129,73,787,16.39
Censo DM,DIS/DVEET,2020,12,14,Jalisco,141201252110,UMF 168 Tepatitlán,0,00 a 04,1,1,6212,0.02
Censo DM,DIS/DVEET,2020,12,14,Jalisco,141201252110,UMF 168 Tepatitlán,0,05 a 09,7,6,7299,0.1
Censo DM,DIS/DVEET,2020,12,14,Jalisco,141201252110,UMF 168 Tepatitlán,0,10 a 14,14,13,7570,0.18
Censo DM,DIS/DVEET,2020,12,14,Jalisco,141201252110,UMF 168 Tepatitlán,0,15 a 19,19,17,4219,0.45
Censo DM,DIS/DVEET,2020,12,14,Jalisco,141201252110,UMF 168 Tepatitlán,0,20 a 24,25,20,5946,0.42
Censo DM,DIS/DVEET,2020,12,14,Jalisco,141201252110,UMF 168 Tepatitlán,0,25 a 29,67,47,6508,1.03
Censo DM,DIS/DVEET,2020,12,14,Jalisco,141201252110,UMF 168 Tepatitlán,0,30 a 34,116,82,6673,1.74
Censo DM,DIS/DVEET,2020,12,14,Jalisco,141201252110,UMF 168 Tepatitlán,0,35 a 39,192,139,6304,3.05
Censo DM,DIS/DVEET,2020,12,14,Jalisco,141201252110,UMF 168 Tepatitlán,0,40 a 44,285,200,5559,5.13
Censo DM,DIS/DVEET,2020,12,14,Jalisco,141201252110,UMF 168 Tepatitlán,0,45 a 49,466,330,5552,8.39
Censo DM,DIS/DVEET,2020,12,14,Jalisco,141201252110,UMF 168 Tepatitlán,0,50 a 54,670,476,4701,14.25
Censo DM,DIS/DVEET,2020,12,14,Jalisco,141201252110,UMF 168 Tepatitlán,0,55 a 59,786,609,4091,19.21
Censo DM,DIS/DVEET,2020,12,14,Jalisco,141201252110,UMF 168 Tepatitlán,0,60 a 64,789,600,3302,23.89
Censo DM,DIS/DVEET,2020,12,14,Jalisco,141201252110,UMF 168 Tepatitlán,0,65 a 69,827,632,2605,31.75
Censo DM,DIS/DVEET,2020,12,14,Jalisco,141201252110,UMF 168 Tepatitlán,0,70 a 74,709,530,2116,33.51
Censo DM,DIS/DVEET,2020,12,14,Jalisco,141201252110,UMF 168 Tepatitlán,0,75 a 79,581,426,1554,37.39
Censo DM,DIS/DVEET,2020,12,14,Jalisco,141201252110,UMF 168 Tepatitlán,0,80 a 84,352,229,1088,32.35
Censo DM,DIS/DVEET,2020,12,14,Jalisco,141201252110,UMF 168 Tepatitlán,0,85 y mas,275,133,1508,18.24
Censo DM,DIS/DVEET,2020,12,14,Jalisco,141201252110,UMF 168 Tepatitlán,1,00 a 04,1,1,3201,0.03
Censo DM,DIS/DVEET,2020,12,14,Jalisco,141201252110,UMF 168 Tepatitlán,1,05 a 09,5,4,3786,0.13
Censo DM,DIS/DVEET,2020,12,14,Jalisco,141201252110,UMF 168 Tepatitlán,1,10 a 14,8,8,3846,0.21
Censo DM,DIS/DVEET,2020,12,14,Jalisco,141201252110,UMF 168 Tepatitlán,1,15 a 19,15,14,2053,0.73
Censo DM,DIS/DVEET,2020,12,14,Jalisco,141201252110,UMF 168 Tepatitlán,1,20 a 24,9,6,2699,0.33
Censo DM,DIS/DVEET,2020,12,14,Jalisco,141201252110,UMF 168 Tepatitlán,1,25 a 29,27,15,3005,0.9
Censo DM,DIS/DVEET,2020,12,14,Jalisco,141201252110,UMF 168 Tepatitlán,1,30 a 34,45,32,3079,1.46
Censo DM,DIS/DVEET,2020,12,14,Jalisco,141201252110,UMF 168 Tepatitlán,1,35 a 39,89,63,2985,2.98
Censo DM,DIS/DVEET,2020,12,14,Jalisco,141201252110,UMF 168 Tepatitlán,1,40 a 44,118,76,2602,4.53
Censo DM,DIS/DVEET,2020,12,14,Jalisco,141201252110,UMF 168 Tepatitlán,1,45 a 49,219,139,2577,8.5
Censo DM,DIS/DVEET,2020,12,14,Jalisco,141201252110,UMF 168 Tepatitlán,1,50 a 54,308,201,2218,13.89
Censo DM,DIS/DVEET,2020,12,14,Jalisco,141201252110,UMF 168 Tepatitlán,1,55 a 59,307,232,1902,16.14
Censo DM,DIS/DVEET,2020,12,14,Jalisco,141201252110,UMF 168 Tepatitlán,1,60 a 64,317,238,1539,20.6
Censo DM,DIS/DVEET,2020,12,14,Jalisco,141201252110,UMF 168 Tepatitlán,1,65 a 69,348,262,1193,29.17
Censo DM,DIS/DVEET,2020,12,14,Jalisco,141201252110,UMF 168 Tepatitlán,1,70 a 74,276,213,949,29.08
Censo DM,DIS/DVEET,2020,12,14,Jalisco,141201252110,UMF 168 Tepatitlán,1,75 a 79,249,179,669,37.22
Censo DM,DIS/DVEET,2020,12,14,Jalisco,141201252110,UMF 168 Tepatitlán,1,80 a 84,164,99,465,35.27
Censo DM,DIS/DVEET,2020,12,14,Jalisco,141201252110,UMF 168 Tepatitlán,1,85 y mas,110,56,697,15.78
Censo DM,DIS/DVEET,2020,12,14,Jalisco,141201252110,UMF 168 Tepatitlán,2,05 a 09,2,2,3513,0.06
Censo DM,DIS/DVEET,2020,12,14,Jalisco,141201252110,UMF 168 Tepatitlán,2,10 a 14,6,5,3724,0.16
Censo DM,DIS/DVEET,2020,12,14,Jalisco,141201252110,UMF 168 Tepatitlán,2,15 a 19,4,3,2166,0.18
Censo DM,DIS/DVEET,2020,12,14,Jalisco,141201252110,UMF 168 Tepatitlán,2,20 a 24,16,14,3247,0.49
Censo DM,DIS/DVEET,2020,12,14,Jalisco,141201252110,UMF 168 Tepatitlán,2,25 a 29,40,32,3503,1.1400000000000001
Censo DM,DIS/DVEET,2020,12,14,Jalisco,141201252110,UMF 168 Tepatitlán,2,30 a 34,71,50,3594,1.98
Censo DM,DIS/DVEET,2020,12,14,Jalisco,141201252110,UMF 168 Tepatitlán,2,35 a 39,103,76,3319,3.1
Censo DM,DIS/DVEET,2020,12,14,Jalisco,141201252110,UMF 168 Tepatitlán,2,40 a 44,167,124,2957,5.65
Censo DM,DIS/DVEET,2020,12,14,Jalisco,141201252110,UMF 168 Tepatitlán,2,45 a 49,247,191,2975,8.3
Censo DM,DIS/DVEET,2020,12,14,Jalisco,141201252110,UMF 168 Tepatitlán,2,50 a 54,362,275,2483,14.58
Censo DM,DIS/DVEET,2020,12,14,Jalisco,141201252110,UMF 168 Tepatitlán,2,55 a 59,479,377,2189,21.88
Censo DM,DIS/DVEET,2020,12,14,Jalisco,141201252110,UMF 168 Tepatitlán,2,60 a 64,472,362,1763,26.77
Censo DM,DIS/DVEET,2020,12,14,Jalisco,141201252110,UMF 168 Tepatitlán,2,65 a 69,479,370,1412,33.92
Censo DM,DIS/DVEET,2020,12,14,Jalisco,141201252110,UMF 168 Tepatitlán,2,70 a 74,433,317,1167,37.1
Censo DM,DIS/DVEET,2020,12,14,Jalisco,141201252110,UMF 168 Tepatitlán,2,75 a 79,332,247,885,37.51
Censo DM,DIS/DVEET,2020,12,14,Jalisco,141201252110,UMF 168 Tepatitlán,2,80 a 84,188,130,623,30.18
Censo DM,DIS/DVEET,2020,12,14,Jalisco,141201252110,UMF 168 Tepatitlán,2,85 y mas,165,77,811,20.35
Censo DM,DIS/DVEET,2021,12,14,Jalisco,141201252110,UMF 168 Tepatitlán,0,00 a 04,1,1,5763,0.02
Censo DM,DIS/DVEET,2021,12,14,Jalisco,141201252110,UMF 168 Tepatitlán,0,05 a 09,9,8,7125,0.13
Censo DM,DIS/DVEET,2021,12,14,Jalisco,141201252110,UMF 168 Tepatitlán,0,10 a 14,16,15,7498,0.21
Censo DM,DIS/DVEET,2021,12,14,Jalisco,141201252110,UMF 168 Tepatitlán,0,15 a 19,22,18,3830,0.57
Censo DM,DIS/DVEET,2021,12,14,Jalisco,141201252110,UMF 168 Tepatitlán,0,20 a 24,27,22,6080,0.44
Censo DM,DIS/DVEET,2021,12,14,Jalisco,141201252110,UMF 168 Tepatitlán,0,25 a 29,70,47,6570,1.07
Censo DM,DIS/DVEET,2021,12,14,Jalisco,141201252110,UMF 168 Tepatitlán,0,30 a 34,138,90,6659,2.07
Censo DM,DIS/DVEET,2021,12,14,Jalisco,141201252110,UMF 168 Tepatitlán,0,35 a 39,225,162,6442,3.49
Censo DM,DIS/DVEET,2021,12,14,Jalisco,141201252110,UMF 168 Tepatitlán,0,40 a 44,317,230,5683,5.58
Censo DM,DIS/DVEET,2021,12,14,Jalisco,141201252110,UMF 168 Tepatitlán,0,45 a 49,501,368,5521,9.07
Censo DM,DIS/DVEET,2021,12,14,Jalisco,141201252110,UMF 168 Tepatitlán,0,50 a 54,701,508,4934,14.21
Censo DM,DIS/DVEET,2021,12,14,Jalisco,141201252110,UMF 168 Tepatitlán,0,55 a 59,855,626,4205,20.33
Censo DM,DIS/DVEET,2021,12,14,Jalisco,141201252110,UMF 168 Tepatitlán,0,60 a 64,823,601,3462,23.77
Censo DM,DIS/DVEET,2021,12,14,Jalisco,141201252110,UMF 168 Tepatitlán,0,65 a 69,844,633,2713,31.11
Censo DM,DIS/DVEET,2021,12,14,Jalisco,141201252110,UMF 168 Tepatitlán,0,70 a 74,704,526,2125,33.13
Censo DM,DIS/DVEET,2021,12,14,Jalisco,141201252110,UMF 168 Tepatitlán,0,75 a 79,559,406,1579,35.4
Censo DM,DIS/DVEET,2021,12,14,Jalisco,141201252110,UMF 168 Tepatitlán,0,80 a 84,335,229,1145,29.26
Censo DM,DIS/DVEET,2021,12,14,Jalisco,141201252110,UMF 168 Tepatitlán,0,85 y mas,224,122,1572,14.25
Censo DM,DIS/DVEET,2021,12,14,Jalisco,141201252110,UMF 168 Tepatitlán,1,00 a 04,1,1,2935,0.03
Censo DM,DIS/DVEET,2021,12,14,Jalisco,141201252110,UMF 168 Tepatitlán,1,05 a 09,5,4,3704,0.13
Censo DM,DIS/DVEET,2021,12,14,Jalisco,141201252110,UMF 168 Tepatitlán,1,10 a 14,9,9,3776,0.24
Censo DM,DIS/DVEET,2021,12,14,Jalisco,141201252110,UMF 168 Tepatitlán,1,15 a 19,16,14,1952,0.82
Censo DM,DIS/DVEET,2021,12,14,Jalisco,141201252110,UMF 168 Tepatitlán,1,20 a 24,9,7,2718,0.33
Censo DM,DIS/DVEET,2021,12,14,Jalisco,141201252110,UMF 168 Tepatitlán,1,25 a 29,29,18,3048,0.95
Censo DM,DIS/DVEET,2021,12,14,Jalisco,141201252110,UMF 168 Tepatitlán,1,30 a 34,56,36,3019,1.85
Censo DM,DIS/DVEET,2021,12,14,Jalisco,141201252110,UMF 168 Tepatitlán,1,35 a 39,96,72,3071,3.13
Censo DM,DIS/DVEET,2021,12,14,Jalisco,141201252110,UMF 168 Tepatitlán,1,40 a 44,132,94,2627,5.02
Censo DM,DIS/DVEET,2021,12,14,Jalisco,141201252110,UMF 168 Tepatitlán,1,45 a 49,234,165,2550,9.18
Censo DM,DIS/DVEET,2021,12,14,Jalisco,141201252110,UMF 168 Tepatitlán,1,50 a 54,319,219,2297,13.89
Censo DM,DIS/DVEET,2021,12,14,Jalisco,141201252110,UMF 168 Tepatitlán,1,55 a 59,340,240,1943,17.5
Censo DM,DIS/DVEET,2021,12,14,Jalisco,141201252110,UMF 168 Tepatitlán,1,60 a 64,348,254,1575,22.1
Censo DM,DIS/DVEET,2021,12,14,Jalisco,141201252110,UMF 168 Tepatitlán,1,65 a 69,364,260,1268,28.71
Censo DM,DIS/DVEET,2021,12,14,Jalisco,141201252110,UMF 168 Tepatitlán,1,70 a 74,277,213,945,29.31
Censo DM,DIS/DVEET,2021,12,14,Jalisco,141201252110,UMF 168 Tepatitlán,1,75 a 79,242,165,679,35.64
Censo DM,DIS/DVEET,2021,12,14,Jalisco,141201252110,UMF 168 Tepatitlán,1,80 a 84,147,92,496,29.64
Censo DM,DIS/DVEET,2021,12,14,Jalisco,141201252110,UMF 168 Tepatitlán,1,85 y mas,92,58,700,13.14
Censo DM,DIS/DVEET,2021,12,14,Jalisco,141201252110,UMF 168 Tepatitlán,2,05 a 09,4,4,3421,0.12
Censo DM,DIS/DVEET,2021,12,14,Jalisco,141201252110,UMF 168 Tepatitlán,2,10 a 14,7,6,3722,0.19
Censo DM,DIS/DVEET,2021,12,14,Jalisco,141201252110,UMF 168 Tepatitlán,2,15 a 19,6,4,1878,0.32
Censo DM,DIS/DVEET,2021,12,14,Jalisco,141201252110,UMF 168 Tepatitlán,2,20 a 24,18,15,3362,0.54
Censo DM,DIS/DVEET,2021,12,14,Jalisco,141201252110,UMF 168 Tepatitlán,2,25 a 29,41,29,3522,1.16
Censo DM,DIS/DVEET,2021,12,14,Jalisco,141201252110,UMF 168 Tepatitlán,2,30 a 34,82,54,3640,2.25
Censo DM,DIS/DVEET,2021,12,14,Jalisco,141201252110,UMF 168 Tepatitlán,2,35 a 39,129,90,3371,3.83
Censo DM,DIS/DVEET,2021,12,14,Jalisco,141201252110,UMF 168 Tepatitlán,2,40 a 44,185,136,3056,6.05
Censo DM,DIS/DVEET,2021,12,14,Jalisco,141201252110,UMF 168 Tepatitlán,2,45 a 49,267,203,2971,8.99
Censo DM,DIS/DVEET,2021,12,14,Jalisco,141201252110,UMF 168 Tepatitlán,2,50 a 54,382,289,2637,14.49
Censo DM,DIS/DVEET,2021,12,14,Jalisco,141201252110,UMF 168 Tepatitlán,2,55 a 59,515,386,2262,22.77
Censo DM,DIS/DVEET,2021,12,14,Jalisco,141201252110,UMF 168 Tepatitlán,2,60 a 64,475,347,1887,25.17
Censo DM,DIS/DVEET,2021,12,14,Jalisco,141201252110,UMF 168 Tepatitlán,2,65 a 69,480,373,1445,33.22
Censo DM,DIS/DVEET,2021,12,14,Jalisco,141201252110,UMF 168 Tepatitlán,2,70 a 74,427,313,1180,36.19
Censo DM,DIS/DVEET,2021,12,14,Jalisco,141201252110,UMF 168 Tepatitlán,2,75 a 79,317,241,900,35.22
Censo DM,DIS/DVEET,2021,12,14,Jalisco,141201252110,UMF 168 Tepatitlán,2,80 a 84,188,137,649,28.97
Censo DM,DIS/DVEET,2021,12,14,Jalisco,141201252110,UMF 168 Tepatitlán,2,85 y mas,132,64,872,15.14
Censo DM,DIS/DVEET,2022,12,14,Jalisco,141201252110,UMF 168 Tepatitlán,0,00 a 04,4,4,5476,0.07
Censo DM,DIS/DVEET,2022,12,14,Jalisco,141201252110,UMF 168 Tepatitlán,0,05 a 09,11,9,7077,0.16
Censo DM,DIS/DVEET,2022,12,14,Jalisco,141201252110,UMF 168 Tepatitlán,0,10 a 14,18,17,7404,0.24
Censo DM,DIS/DVEET,2022,12,14,Jalisco,141201252110,UMF 168 Tepatitlán,0,15 a 19,21,21,3666,0.57
Censo DM,DIS/DVEET,2022,12,14,Jalisco,141201252110,UMF 168 Tepatitlán,0,20 a 24,37,28,6260,0.59
Censo DM,DIS/DVEET,2022,12,14,Jalisco,141201252110,UMF 168 Tepatitlán,0,25 a 29,69,43,6607,1.04
Censo DM,DIS/DVEET,2022,12,14,Jalisco,141201252110,UMF 168 Tepatitlán,0,30 a 34,141,92,6735,2.09
Censo DM,DIS/DVEET,2022,12,14,Jalisco,141201252110,UMF 168 Tepatitlán,0,35 a 39,233,171,6517,3.58
Censo DM,DIS/DVEET,2022,12,14,Jalisco,141201252110,UMF 168 Tepatitlán,0,40 a 44,344,251,5884,5.85
Censo DM,DIS/DVEET,2022,12,14,Jalisco,141201252110,UMF 168 Tepatitlán,0,45 a 49,535,409,5537,9.66
Censo DM,DIS/DVEET,2022,12,14,Jalisco,141201252110,UMF 168 Tepatitlán,0,50 a 54,700,526,5176,13.52
Censo DM,DIS/DVEET,2022,12,14,Jalisco,141201252110,UMF 168 Tepatitlán,0,55 a 59,858,657,4499,19.07
Censo DM,DIS/DVEET,2022,12,14,Jalisco,141201252110,UMF 168 Tepatitlán,0,60 a 64,839,643,3620,23.18
Censo DM,DIS/DVEET,2022,12,14,Jalisco,141201252110,UMF 168 Tepatitlán,0,65 a 69,857,669,2896,29.59
Censo DM,DIS/DVEET,2022,12,14,Jalisco,141201252110,UMF 168 Tepatitlán,0,70 a 74,671,505,2181,30.77
Censo DM,DIS/DVEET,2022,12,14,Jalisco,141201252110,UMF 168 Tepatitlán,0,75 a 79,507,378,1612,31.45
Censo DM,DIS/DVEET,2022,12,14,Jalisco,141201252110,UMF 168 Tepatitlán,0,80 a 84,309,213,1150,26.87
Censo DM,DIS/DVEET,2022,12,14,Jalisco,141201252110,UMF 168 Tepatitlán,0,85 y mas,206,110,1699,12.12
Censo DM,DIS/DVEET,2022,12,14,Jalisco,141201252110,UMF 168 Tepatitlán,1,00 a 04,2,2,2814,0.07
Censo DM,DIS/DVEET,2022,12,14,Jalisco,141201252110,UMF 168 Tepatitlán,1,05 a 09,7,5,3613,0.19
Censo DM,DIS/DVEET,2022,12,14,Jalisco,141201252110,UMF 168 Tepatitlán,1,10 a 14,10,9,3773,0.27
Censo DM,DIS/DVEET,2022,12,14,Jalisco,141201252110,UMF 168 Tepatitlán,1,15 a 19,13,13,1851,0.7
Censo DM,DIS/DVEET,2022,12,14,Jalisco,141201252110,UMF 168 Tepatitlán,1,20 a 24,11,9,2790,0.39
Censo DM,DIS/DVEET,2022,12,14,Jalisco,141201252110,UMF 168 Tepatitlán,1,25 a 29,30,19,3045,0.99
Censo DM,DIS/DVEET,2022,12,14,Jalisco,141201252110,UMF 168 Tepatitlán,1,30 a 34,59,37,3022,1.95
Censo DM,DIS/DVEET,2022,12,14,Jalisco,141201252110,UMF 168 Tepatitlán,1,35 a 39,105,73,3061,3.43
Censo DM,DIS/DVEET,2022,12,14,Jalisco,141201252110,UMF 168 Tepatitlán,1,40 a 44,143,102,2681,5.33
Censo DM,DIS/DVEET,2022,12,14,Jalisco,141201252110,UMF 168 Tepatitlán,1,45 a 49,247,176,2539,9.73
Censo DM,DIS/DVEET,2022,12,14,Jalisco,141201252110,UMF 168 Tepatitlán,1,50 a 54,317,227,2369,13.38
Censo DM,DIS/DVEET,2022,12,14,Jalisco,141201252110,UMF 168 Tepatitlán,1,55 a 59,346,260,2098,16.49
Censo DM,DIS/DVEET,2022,12,14,Jalisco,141201252110,UMF 168 Tepatitlán,1,60 a 64,341,254,1656,20.59
Censo DM,DIS/DVEET,2022,12,14,Jalisco,141201252110,UMF 168 Tepatitlán,1,65 a 69,368,276,1336,27.54
Censo DM,DIS/DVEET,2022,12,14,Jalisco,141201252110,UMF 168 Tepatitlán,1,70 a 74,267,212,994,26.86
Censo DM,DIS/DVEET,2022,12,14,Jalisco,141201252110,UMF 168 Tepatitlán,1,75 a 79,212,155,701,30.24
Censo DM,DIS/DVEET,2022,12,14,Jalisco,141201252110,UMF 168 Tepatitlán,1,80 a 84,135,90,489,27.61
Censo DM,DIS/DVEET,2022,12,14,Jalisco,141201252110,UMF 168 Tepatitlán,1,85 y mas,81,46,748,10.83
Censo DM,DIS/DVEET,2022,12,14,Jalisco,141201252110,UMF 168 Tepatitlán,2,00 a 04,2,2,2662,0.08
Censo DM,DIS/DVEET,2022,12,14,Jalisco,141201252110,UMF 168 Tepatitlán,2,05 a 09,4,4,3464,0.12
Censo DM,DIS/DVEET,2022,12,14,Jalisco,141201252110,UMF 168 Tepatitlán,2,10 a 14,8,8,3631,0.22
Censo DM,DIS/DVEET,2022,12,14,Jalisco,141201252110,UMF 168 Tepatitlán,2,15 a 19,8,8,1815,0.44
Censo DM,DIS/DVEET,2022,12,14,Jalisco,141201252110,UMF 168 Tepatitlán,2,20 a 24,26,19,3470,0.75
Censo DM,DIS/DVEET,2022,12,14,Jalisco,141201252110,UMF 168 Tepatitlán,2,25 a 29,39,24,3562,1.09
Censo DM,DIS/DVEET,2022,12,14,Jalisco,141201252110,UMF 168 Tepatitlán,2,30 a 34,82,55,3713,2.21
Censo DM,DIS/DVEET,2022,12,14,Jalisco,141201252110,UMF 168 Tepatitlán,2,35 a 39,128,98,3456,3.7
Censo DM,DIS/DVEET,2022,12,14,Jalisco,141201252110,UMF 168 Tepatitlán,2,40 a 44,201,149,3203,6.28
Censo DM,DIS/DVEET,2022,12,14,Jalisco,141201252110,UMF 168 Tepatitlán,2,45 a 49,288,233,2998,9.61
Censo DM,DIS/DVEET,2022,12,14,Jalisco,141201252110,UMF 168 Tepatitlán,2,50 a 54,383,299,2807,13.64
Censo DM,DIS/DVEET,2022,12,14,Jalisco,141201252110,UMF 168 Tepatitlán,2,55 a 59,512,397,2401,21.32
Censo DM,DIS/DVEET,2022,12,14,Jalisco,141201252110,UMF 168 Tepatitlán,2,60 a 64,498,389,1964,25.36
Censo DM,DIS/DVEET,2022,12,14,Jalisco,141201252110,UMF 168 Tepatitlán,2,65 a 69,489,393,1560,31.35
Censo DM,DIS/DVEET,2022,12,14,Jalisco,141201252110,UMF 168 Tepatitlán,2,70 a 74,404,293,1187,34.04
Censo DM,DIS/DVEET,2022,12,14,Jalisco,141201252110,UMF 168 Tepatitlán,2,75 a 79,295,223,911,32.38
Censo DM,DIS/DVEET,2022,12,14,Jalisco,141201252110,UMF 168 Tepatitlán,2,80 a 84,174,123,661,26.32
Censo DM,DIS/DVEET,2022,12,14,Jalisco,141201252110,UMF 168 Tepatitlán,2,85 y mas,125,64,951,13.14
Censo DM,DIS/DVEET,2023,12,14,Jalisco,141201252110,UMF 168 Tepatitlán,0,00 a 04,2,2,5340,0.04
Censo DM,DIS/DVEET,2023,12,14,Jalisco,141201252110,UMF 168 Tepatitlán,0,05 a 09,7,7,7053,0.1
Censo DM,DIS/DVEET,2023,12,14,Jalisco,141201252110,UMF 168 Tepatitlán,0,10 a 14,16,13,7418,0.22
Censo DM,DIS/DVEET,2023,12,14,Jalisco,141201252110,UMF 168 Tepatitlán,0,15 a 19,21,19,3535,0.59
Censo DM,DIS/DVEET,2023,12,14,Jalisco,141201252110,UMF 168 Tepatitlán,0,20 a 24,22,17,6177,0.36
Censo DM,DIS/DVEET,2023,12,14,Jalisco,141201252110,UMF 168 Tepatitlán,0,25 a 29,67,44,6749,0.99
Censo DM,DIS/DVEET,2023,12,14,Jalisco,141201252110,UMF 168 Tepatitlán,0,30 a 34,123,89,6935,1.77
Censo DM,DIS/DVEET,2023,12,14,Jalisco,141201252110,UMF 168 Tepatitlán,0,35 a 39,213,149,6632,3.21
Censo DM,DIS/DVEET,2023,12,14,Jalisco,141201252110,UMF 168 Tepatitlán,0,40 a 44,317,229,6036,5.25
Censo DM,DIS/DVEET,2023,12,14,Jalisco,141201252110,UMF 168 Tepatitlán,0,45 a 49,444,339,5653,7.85
Censo DM,DIS/DVEET,2023,12,14,Jalisco,141201252110,UMF 168 Tepatitlán,0,50 a 54,756,579,5540,13.65
Censo DM,DIS/DVEET,2023,12,14,Jalisco,141201252110,UMF 168 Tepatitlán,0,55 a 59,818,623,4806,17.02
Censo DM,DIS/DVEET,2023,12,14,Jalisco,141201252110,UMF 168 Tepatitlán,0,60 a 64,897,681,3918,22.89
Censo DM,DIS/DVEET,2023,12,14,Jalisco,141201252110,UMF 168 Tepatitlán,0,65 a 69,862,669,3078,28.01
Censo DM,DIS/DVEET,2023,12,14,Jalisco,141201252110,UMF 168 Tepatitlán,0,70 a 74,754,568,2243,33.62
Censo DM,DIS/DVEET,2023,12,14,Jalisco,141201252110,UMF 168 Tepatitlán,0,75 a 79,606,453,1710,35.44
Censo DM,DIS/DVEET,2023,12,14,Jalisco,141201252110,UMF 168 Tepatitlán,0,80 a 84,400,283,1200,33.33
Censo DM,DIS/DVEET,2023,12,14,Jalisco,141201252110,UMF 168 Tepatitlán,0,85 y mas,327,174,1824,17.93
Censo DM,DIS/DVEET,2023,12,14,Jalisco,141201252110,UMF 168 Tepatitlán,1,00 a 04,1,1,2707,0.04
Censo DM,DIS/DVEET,2023,12,14,Jalisco,141201252110,UMF 168 Tepatitlán,1,05 a 09,6,6,3595,0.17
Censo DM,DIS/DVEET,2023,12,14,Jalisco,141201252110,UMF 168 Tepatitlán,1,10 a 14,9,6,3810,0.24
Censo DM,DIS/DVEET,2023,12,14,Jalisco,141201252110,UMF 168 Tepatitlán,1,15 a 19,12,11,1702,0.71
Censo DM,DIS/DVEET,2023,12,14,Jalisco,141201252110,UMF 168 Tepatitlán,1,20 a 24,9,9,2758,0.33
Censo DM,DIS/DVEET,2023,12,14,Jalisco,141201252110,UMF 168 Tepatitlán,1,25 a 29,23,16,3088,0.74
Censo DM,DIS/DVEET,2023,12,14,Jalisco,141201252110,UMF 168 Tepatitlán,1,30 a 34,58,43,3100,1.87
Censo DM,DIS/DVEET,2023,12,14,Jalisco,141201252110,UMF 168 Tepatitlán,1,35 a 39,85,53,3069,2.77
Censo DM,DIS/DVEET,2023,12,14,Jalisco,141201252110,UMF 168 Tepatitlán,1,40 a 44,148,101,2774,5.34
Censo DM,DIS/DVEET,2023,12,14,Jalisco,141201252110,UMF 168 Tepatitlán,1,45 a 49,196,149,2569,7.63
Censo DM,DIS/DVEET,2023,12,14,Jalisco,141201252110,UMF 168 Tepatitlán,1,50 a 54,346,254,2539,13.63
Censo DM,DIS/DVEET,2023,12,14,Jalisco,141201252110,UMF 168 Tepatitlán,1,55 a 59,346,259,2214,15.63
Censo DM,DIS/DVEET,2023,12,14,Jalisco,141201252110,UMF 168 Tepatitlán,1,60 a 64,367,270,1772,20.71
Censo DM,DIS/DVEET,2023,12,14,Jalisco,141201252110,UMF 168 Tepatitlán,1,65 a 69,342,263,1418,24.12
Censo DM,DIS/DVEET,2023,12,14,Jalisco,141201252110,UMF 168 Tepatitlán,1,70 a 74,328,240,1031,31.81
Censo DM,DIS/DVEET,2023,12,14,Jalisco,141201252110,UMF 168 Tepatitlán,1,75 a 79,239,188,739,32.34
Censo DM,DIS/DVEET,2023,12,14,Jalisco,141201252110,UMF 168 Tepatitlán,1,80 a 84,183,127,500,36.6
Censo DM,DIS/DVEET,2023,12,14,Jalisco,141201252110,UMF 168 Tepatitlán,1,85 y mas,129,69,808,15.97
Censo DM,DIS/DVEET,2023,12,14,Jalisco,141201252110,UMF 168 Tepatitlán,2,00 a 04,1,1,2633,0.04
Censo DM,DIS/DVEET,2023,12,14,Jalisco,141201252110,UMF 168 Tepatitlán,2,05 a 09,1,1,3458,0.03
Censo DM,DIS/DVEET,2023,12,14,Jalisco,141201252110,UMF 168 Tepatitlán,2,10 a 14,7,7,3608,0.19
Censo DM,DIS/DVEET,2023,12,14,Jalisco,141201252110,UMF 168 Tepatitlán,2,15 a 19,9,8,1833,0.49
Censo DM,DIS/DVEET,2023,12,14,Jalisco,141201252110,UMF 168 Tepatitlán,2,20 a 24,13,8,3419,0.38
Censo DM,DIS/DVEET,2023,12,14,Jalisco,141201252110,UMF 168 Tepatitlán,2,25 a 29,44,28,3661,1.2
Censo DM,DIS/DVEET,2023,12,14,Jalisco,141201252110,UMF 168 Tepatitlán,2,30 a 34,65,46,3835,1.69
Censo DM,DIS/DVEET,2023,12,14,Jalisco,141201252110,UMF 168 Tepatitlán,2,35 a 39,128,96,3563,3.59
Censo DM,DIS/DVEET,2023,12,14,Jalisco,141201252110,UMF 168 Tepatitlán,2,40 a 44,169,128,3262,5.18
Censo DM,DIS/DVEET,2023,12,14,Jalisco,141201252110,UMF 168 Tepatitlán,2,45 a 49,248,190,3084,8.04
Censo DM,DIS/DVEET,2023,12,14,Jalisco,141201252110,UMF 168 Tepatitlán,2,50 a 54,410,325,3001,13.66
Censo DM,DIS/DVEET,2023,12,14,Jalisco,141201252110,UMF 168 Tepatitlán,2,55 a 59,472,364,2592,18.21
Censo DM,DIS/DVEET,2023,12,14,Jalisco,141201252110,UMF 168 Tepatitlán,2,60 a 64,530,411,2146,24.7
Censo DM,DIS/DVEET,2023,12,14,Jalisco,141201252110,UMF 168 Tepatitlán,2,65 a 69,520,406,1660,31.33
Censo DM,DIS/DVEET,2023,12,14,Jalisco,141201252110,UMF 168 Tepatitlán,2,70 a 74,426,328,1212,35.15
Censo DM,DIS/DVEET,2023,12,14,Jalisco,141201252110,UMF 168 Tepatitlán,2,75 a 79,367,265,971,37.8
Censo DM,DIS/DVEET,2023,12,14,Jalisco,141201252110,UMF 168 Tepatitlán,2,80 a 84,217,156,700,31
Censo DM,DIS/DVEET,2023,12,14,Jalisco,141201252110,UMF 168 Tepatitlán,2,85 y mas,198,105,1016,19.49
