Parametro,Fuente,Anio,Mes,Cve_OOAD,Nombre_OOAD,Cve_Presupuestal,Nombre_Unidad,Sexo,Grupo_edad,Poblacion
PAMF,DIR,2014,6,14,Jalisco,141201252110,UMF 168 Tepatitlán,0,00 a 04,6213
PAMF,DIR,2014,6,14,Jalisco,141201252110,UMF 168 Tepatitlán,0,05 a 09,6721
PAMF,DIR,2014,6,14,Jalisco,141201252110,UMF 168 Tepatitlán,0,10 a 14,6823
PAMF,DIR,2014,6,14,Jalisco,141201252110,UMF 168 Tepatitlán,0,15 a 19,4135
PAMF,DIR,2014,6,14,Jalisco,141201252110,UMF 168 Tepatitlán,0,20 a 24,5147
PAMF,DIR,2014,6,14,Jalisco,141201252110,UMF 168 Tepatitlán,0,25 a 29,5704
PAMF,DIR,2014,6,14,Jalisco,141201252110,UMF 168 Tepatitlán,0,30 a 34,5560
PAMF,DIR,2014,6,14,Jalisco,141201252110,UMF 168 Tepatitlán,0,35 a 39,5004
PAMF,DIR,2014,6,14,Jalisco,141201252110,UMF 168 Tepatitlán,0,40 a 44,4924
PAMF,DIR,2014,6,14,Jalisco,141201252110,UMF 168 Tepatitlán,0,45 a 49,4067
PAMF,DIR,2014,6,14,Jalisco,141201252110,UMF 168 Tepatitlán,0,50 a 54,3312
PAMF,DIR,2014,6,14,Jalisco,141201252110,UMF 168 Tepatitlán,0,55 a 59,2799
PAMF,DIR,2014,6,14,Jalisco,141201252110,UMF 168 Tepatitlán,0,60 a 64,2306
PAMF,DIR,2014,6,14,Jalisco,141201252110,UMF 168 Tepatitlán,0,65 a 69,2028
PAMF,DIR,2014,6,14,Jalisco,141201252110,UMF 168 Tepatitlán,0,70 a 74,1623
PAMF,DIR,2014,6,14,Jalisco,141201252110,UMF 168 Tepatitlán,0,75 a 79,1237
PAMF,DIR,2014,6,14,Jalisco,141201252110,UMF 168 Tepatitlán,0,80 a 84,864
PAMF,DIR,2014,6,14,Jalisco,141201252110,UMF 168 Tepatitlán,0,85 y mas,1089
PAMF,DIR,2014,6,14,Jalisco,141201252110,UMF 168 Tepatitlán,0,NI,1
PAMF,DIR,2014,6,14,Jalisco,141201252110,UMF 168 Tepatitlán,1,00 a 04,3251
PAMF,DIR,2014,6,14,Jalisco,141201252110,UMF 168 Tepatitlán,1,05 a 09,3464
PAMF,DIR,2014,6,14,Jalisco,141201252110,UMF 168 Tepatitlán,1,10 a 14,3457
PAMF,DIR,2014,6,14,Jalisco,141201252110,UMF 168 Tepatitlán,1,15 a 19,1914
PAMF,DIR,2014,6,14,Jalisco,141201252110,UMF 168 Tepatitlán,1,20 a 24,2306
PAMF,DIR,2014,6,14,Jalisco,141201252110,UMF 168 Tepatitlán,1,25 a 29,2597
PAMF,DIR,2014,6,14,Jalisco,141201252110,UMF 168 Tepatitlán,1,30 a 34,2630
PAMF,DIR,2014,6,14,Jalisco,141201252110,UMF 168 Tepatitlán,1,35 a 39,2344
PAMF,DIR,2014,6,14,Jalisco,141201252110,UMF 168 Tepatitlán,1,40 a 44,2328
PAMF,DIR,2014,6,14,Jalisco,141201252110,UMF 168 Tepatitlán,1,45 a 49,1901
PAMF,DIR,2014,6,14,Jalisco,141201252110,UMF 168 Tepatitlán,1,50 a 54,1523
PAMF,DIR,2014,6,14,Jalisco,141201252110,UMF 168 Tepatitlán,1,55 a 59,1261
PAMF,DIR,2014,6,14,Jalisco,141201252110,UMF 168 Tepatitlán,1,60 a 64,1061
PAMF,DIR,2014,6,14,Jalisco,141201252110,UMF 168 Tepatitlán,1,65 a 69,880
PAMF,DIR,2014,6,14,Jalisco,141201252110,UMF 168 Tepatitlán,1,70 a 74,729
PAMF,DIR,2014,6,14,Jalisco,141201252110,UMF 168 Tepatitlán,1,75 a 79,569
PAMF,DIR,2014,6,14,Jalisco,141201252110,UMF 168 Tepatitlán,1,80 a 84,379
PAMF,DIR,2014,6,14,Jalisco,141201252110,UMF 168 Tepatitlán,1,85 y mas,504
PAMF,DIR,2014,6,14,Jalisco,141201252110,UMF 168 Tepatitlán,2,00 a 04,2962
PAMF,DIR,2014,6,14,Jalisco,141201252110,UMF 168 Tepatitlán,2,05 a 09,3257
PAMF,DIR,2014,6,14,Jalisco,141201252110,UMF 168 Tepatitlán,2,10 a 14,3366
PAMF,DIR,2014,6,14,Jalisco,141201252110,UMF 168 Tepatitlán,2,15 a 19,2221
PAMF,DIR,2014,6,14,Jalisco,141201252110,UMF 168 Tepatitlán,2,20 a 24,2841
PAMF,DIR,2014,6,14,Jalisco,141201252110,UMF 168 Tepatitlán,2,25 a 29,3107
PAMF,DIR,2014,6,14,Jalisco,141201252110,UMF 168 Tepatitlán,2,30 a 34,2930
PAMF,DIR,2014,6,14,Jalisco,141201252110,UMF 168 Tepatitlán,2,35 a 39,2660
PAMF,DIR,2014,6,14,Jalisco,141201252110,UMF 168 Tepatitlán,2,40 a 44,2596
PAMF,DIR,2014,6,14,Jalisco,141201252110,UMF 168 Tepatitlán,2,45 a 49,2166
PAMF,DIR,2014,6,14,Jalisco,141201252110,UMF 168 Tepatitlán,2,50 a 54,1789
PAMF,DIR,2014,6,14,Jalisco,141201252110,UMF 168 Tepatitlán,2,55 a 59,1538
PAMF,DIR,2014,6,14,Jalisco,141201252110,UMF 168 Tepatitlán,2,60 a 64,1245
PAMF,DIR,2014,6,14,Jalisco,141201252110,UMF 168 Tepatitlán,2,65 a 69,1148
PAMF,DIR,2014,6,14,Jalisco,141201252110,UMF 168 Tepatitlán,2,70 a 74,894
PAMF,DIR,2014,6,14,Jalisco,141201252110,UMF 168 Tepatitlán,2,75 a 79,668
PAMF,DIR,2014,6,14,Jalisco,141201252110,UMF 168 Tepatitlán,2,80 a 84,485
PAMF,DIR,2014,6,14,Jalisco,141201252110,UMF 168 Tepatitlán,2,85 y mas,585
PAMF,DIR,2014,6,14,Jalisco,141201252110,UMF 168 Tepatitlán,2,NI,1
PAMF,DIR,2015,6,14,Jalisco,141201252110,UMF 168 Tepatitlán,0,00 a 04,6171
PAMF,DIR,2015,6,14,Jalisco,141201252110,UMF 168 Tepatitlán,0,05 a 09,6883
PAMF,DIR,2015,6,14,Jalisco,141201252110,UMF 168 Tepatitlán,0,10 a 14,6919
PAMF,DIR,2015,6,14,Jalisco,141201252110,UMF 168 Tepatitlán,0,15 a 19,3913
PAMF,DIR,2015,6,14,Jalisco,141201252110,UMF 168 Tepatitlán,0,20 a 24,5491
PAMF,DIR,2015,6,14,Jalisco,141201252110,UMF 168 Tepatitlán,0,25 a 29,5966
PAMF,DIR,2015,6,14,Jalisco,141201252110,UMF 168 Tepatitlán,0,30 a 34,5777
PAMF,DIR,2015,6,14,Jalisco,141201252110,UMF 168 Tepatitlán,0,35 a 39,5150
PAMF,DIR,2015,6,14,Jalisco,141201252110,UMF 168 Tepatitlán,0,40 a 44,5116
PAMF,DIR,2015,6,14,Jalisco,141201252110,UMF 168 Tepatitlán,0,45 a 49,4249
PAMF,DIR,2015,6,14,Jalisco,141201252110,UMF 168 Tepatitlán,0,50 a 54,3499
PAMF,DIR,2015,6,14,Jalisco,141201252110,UMF 168 Tepatitlán,0,55 a 59,2877
PAMF,DIR,2015,6,14,Jalisco,141201252110,UMF 168 Tepatitlán,0,60 a 64,2394
PAMF,DIR,2015,6,14,Jalisco,141201252110,UMF 168 Tepatitlán,0,65 a 69,2119
PAMF,DIR,2015,6,14,Jalisco,141201252110,UMF 168 Tepatitlán,0,70 a 74,1710
PAMF,DIR,2015,6,14,Jalisco,141201252110,UMF 168 Tepatitlán,0,75 a 79,1278
PAMF,DIR,2015,6,14,Jalisco,141201252110,UMF 168 Tepatitlán,0,80 a 84,891
PAMF,DIR,2015,6,14,Jalisco,141201252110,UMF 168 Tepatitlán,0,85 y mas,1164
PAMF,DIR,2015,6,14,Jalisco,141201252110,UMF 168 Tepatitlán,0,NI,4
PAMF,DIR,2015,6,14,Jalisco,141201252110,UMF 168 Tepatitlán,1,00 a 04,3185
PAMF,DIR,2015,6,14,Jalisco,141201252110,UMF 168 Tepatitlán,1,05 a 09,3509
PAMF,DIR,2015,6,14,Jalisco,141201252110,UMF 168 Tepatitlán,1,10 a 14,3533
PAMF,DIR,2015,6,14,Jalisco,141201252110,UMF 168 Tepatitlán,1,15 a 19,1821
PAMF,DIR,2015,6,14,Jalisco,141201252110,UMF 168 Tepatitlán,1,20 a 24,2548
PAMF,DIR,2015,6,14,Jalisco,141201252110,UMF 168 Tepatitlán,1,25 a 29,2732
PAMF,DIR,2015,6,14,Jalisco,141201252110,UMF 168 Tepatitlán,1,30 a 34,2754
PAMF,DIR,2015,6,14,Jalisco,141201252110,UMF 168 Tepatitlán,1,35 a 39,2419
PAMF,DIR,2015,6,14,Jalisco,141201252110,UMF 168 Tepatitlán,1,40 a 44,2395
PAMF,DIR,2015,6,14,Jalisco,141201252110,UMF 168 Tepatitlán,1,45 a 49,1998
PAMF,DIR,2015,6,14,Jalisco,141201252110,UMF 168 Tepatitlán,1,50 a 54,1616
PAMF,DIR,2015,6,14,Jalisco,141201252110,UMF 168 Tepatitlán,1,55 a 59,1299
PAMF,DIR,2015,6,14,Jalisco,141201252110,UMF 168 Tepatitlán,1,60 a 64,1067
PAMF,DIR,2015,6,14,Jalisco,141201252110,UMF 168 Tepatitlán,1,65 a 69,940
PAMF,DIR,2015,6,14,Jalisco,141201252110,UMF 168 Tepatitlán,1,70 a 74,756
PAMF,DIR,2015,6,14,Jalisco,141201252110,UMF 168 Tepatitlán,1,75 a 79,569
PAMF,DIR,2015,6,14,Jalisco,141201252110,UMF 168 Tepatitlán,1,80 a 84,412
PAMF,DIR,2015,6,14,Jalisco,141201252110,UMF 168 Tepatitlán,1,85 y mas,529
PAMF,DIR,2015,6,14,Jalisco,141201252110,UMF 168 Tepatitlán,1,NI,4
PAMF,DIR,2015,6,14,Jalisco,141201252110,UMF 168 Tepatitlán,2,00 a 04,2986
PAMF,DIR,2015,6,14,Jalisco,141201252110,UMF 168 Tepatitlán,2,05 a 09,3374
PAMF,DIR,2015,6,14,Jalisco,141201252110,UMF 168 Tepatitlán,2,10 a 14,3386
PAMF,DIR,2015,6,14,Jalisco,141201252110,UMF 168 Tepatitlán,2,15 a 19,2092
PAMF,DIR,2015,6,14,Jalisco,141201252110,UMF 168 Tepatitlán,2,20 a 24,2943
PAMF,DIR,2015,6,14,Jalisco,141201252110,UMF 168 Tepatitlán,2,25 a 29,3234
PAMF,DIR,2015,6,14,Jalisco,141201252110,UMF 168 Tepatitlán,2,30 a 34,3023
PAMF,DIR,2015,6,14,Jalisco,141201252110,UMF 168 Tepatitlán,2,35 a 39,2731
PAMF,DIR,2015,6,14,Jalisco,141201252110,UMF 168 Tepatitlán,2,40 a 44,2721
PAMF,DIR,2015,6,14,Jalisco,141201252110,UMF 168 Tepatitlán,2,45 a 49,2251
PAMF,DIR,2015,6,14,Jalisco,141201252110,UMF 168 Tepatitlán,2,50 a 54,1883
PAMF,DIR,2015,6,14,Jalisco,141201252110,UMF 168 Tepatitlán,2,55 a 59,1578
PAMF,DIR,2015,6,14,Jalisco,141201252110,UMF 168 Tepatitlán,2,60 a 64,1327
PAMF,DIR,2015,6,14,Jalisco,141201252110,UMF 168 Tepatitlán,2,65 a 69,1179
PAMF,DIR,2015,6,14,Jalisco,141201252110,UMF 168 Tepatitlán,2,70 a 74,954
PAMF,DIR,2015,6,14,Jalisco,141201252110,UMF 168 Tepatitlán,2,75 a 79,709
PAMF,DIR,2015,6,14,Jalisco,141201252110,UMF 168 Tepatitlán,2,80 a 84,479
PAMF,DIR,2015,6,14,Jalisco,141201252110,UMF 168 Tepatitlán,2,85 y mas,635
PAMF,DIR,2016,6,14,Jalisco,141201252110,UMF 168 Tepatitlán,0,00 a 04,6106
PAMF,DIR,2016,6,14,Jalisco,141201252110,UMF 168 Tepatitlán,0,05 a 09,6881
PAMF,DIR,2016,6,14,Jalisco,141201252110,UMF 168 Tepatitlán,0,10 a 14,6971
PAMF,DIR,2016,6,14,Jalisco,141201252110,UMF 168 Tepatitlán,0,15 a 19,3493
PAMF,DIR,2016,6,14,Jalisco,141201252110,UMF 168 Tepatitlán,0,20 a 24,4442
PAMF,DIR,2016,6,14,Jalisco,141201252110,UMF 168 Tepatitlán,0,25 a 29,5750
PAMF,DIR,2016,6,14,Jalisco,141201252110,UMF 168 Tepatitlán,0,30 a 34,6013
PAMF,DIR,2016,6,14,Jalisco,141201252110,UMF 168 Tepatitlán,0,35 a 39,5261
PAMF,DIR,2016,6,14,Jalisco,141201252110,UMF 168 Tepatitlán,0,40 a 44,5064
PAMF,DIR,2016,6,14,Jalisco,141201252110,UMF 168 Tepatitlán,0,45 a 49,4388
PAMF,DIR,2016,6,14,Jalisco,141201252110,UMF 168 Tepatitlán,0,50 a 54,3669
PAMF,DIR,2016,6,14,Jalisco,141201252110,UMF 168 Tepatitlán,0,55 a 59,2967
PAMF,DIR,2016,6,14,Jalisco,141201252110,UMF 168 Tepatitlán,0,60 a 64,2490
PAMF,DIR,2016,6,14,Jalisco,141201252110,UMF 168 Tepatitlán,0,65 a 69,2107
PAMF,DIR,2016,6,14,Jalisco,141201252110,UMF 168 Tepatitlán,0,70 a 74,1730
PAMF,DIR,2016,6,14,Jalisco,141201252110,UMF 168 Tepatitlán,0,75 a 79,1272
PAMF,DIR,2016,6,14,Jalisco,141201252110,UMF 168 Tepatitlán,0,80 a 84,876
PAMF,DIR,2016,6,14,Jalisco,141201252110,UMF 168 Tepatitlán,0,85 y mas,1110
PAMF,DIR,2016,6,14,Jalisco,141201252110,UMF 168 Tepatitlán,0,NI,20
PAMF,DIR,2016,6,14,Jalisco,141201252110,UMF 168 Tepatitlán,1,00 a 04,3145
PAMF,DIR,2016,6,14,Jalisco,141201252110,UMF 168 Tepatitlán,1,05 a 09,3473
PAMF,DIR,2016,6,14,Jalisco,141201252110,UMF 168 Tepatitlán,1,10 a 14,3620
PAMF,DIR,2016,6,14,Jalisco,141201252110,UMF 168 Tepatitlán,1,15 a 19,1644
PAMF,DIR,2016,6,14,Jalisco,141201252110,UMF 168 Tepatitlán,1,20 a 24,2096
PAMF,DIR,2016,6,14,Jalisco,141201252110,UMF 168 Tepatitlán,1,25 a 29,2668
PAMF,DIR,2016,6,14,Jalisco,141201252110,UMF 168 Tepatitlán,1,30 a 34,2913
PAMF,DIR,2016,6,14,Jalisco,141201252110,UMF 168 Tepatitlán,1,35 a 39,2505
PAMF,DIR,2016,6,14,Jalisco,141201252110,UMF 168 Tepatitlán,1,40 a 44,2411
PAMF,DIR,2016,6,14,Jalisco,141201252110,UMF 168 Tepatitlán,1,45 a 49,2096
PAMF,DIR,2016,6,14,Jalisco,141201252110,UMF 168 Tepatitlán,1,50 a 54,1718
PAMF,DIR,2016,6,14,Jalisco,141201252110,UMF 168 Tepatitlán,1,55 a 59,1378
PAMF,DIR,2016,6,14,Jalisco,141201252110,UMF 168 Tepatitlán,1,60 a 64,1135
PAMF,DIR,2016,6,14,Jalisco,141201252110,UMF 168 Tepatitlán,1,65 a 69,958
PAMF,DIR,2016,6,14,Jalisco,141201252110,UMF 168 Tepatitlán,1,70 a 74,767
PAMF,DIR,2016,6,14,Jalisco,141201252110,UMF 168 Tepatitlán,1,75 a 79,573
PAMF,DIR,2016,6,14,Jalisco,141201252110,UMF 168 Tepatitlán,1,80 a 84,391
PAMF,DIR,2016,6,14,Jalisco,141201252110,UMF 168 Tepatitlán,1,85 y mas,511
PAMF,DIR,2016,6,14,Jalisco,141201252110,UMF 168 Tepatitlán,1,NI,7
PAMF,DIR,2016,6,14,Jalisco,141201252110,UMF 168 Tepatitlán,2,00 a 04,2961
PAMF,DIR,2016,6,14,Jalisco,141201252110,UMF 168 Tepatitlán,2,05 a 09,3408
PAMF,DIR,2016,6,14,Jalisco,141201252110,UMF 168 Tepatitlán,2,10 a 14,3351
PAMF,DIR,2016,6,14,Jalisco,141201252110,UMF 168 Tepatitlán,2,15 a 19,1849
PAMF,DIR,2016,6,14,Jalisco,141201252110,UMF 168 Tepatitlán,2,20 a 24,2346
PAMF,DIR,2016,6,14,Jalisco,141201252110,UMF 168 Tepatitlán,2,25 a 29,3082
PAMF,DIR,2016,6,14,Jalisco,141201252110,UMF 168 Tepatitlán,2,30 a 34,3100
PAMF,DIR,2016,6,14,Jalisco,141201252110,UMF 168 Tepatitlán,2,35 a 39,2756
PAMF,DIR,2016,6,14,Jalisco,141201252110,UMF 168 Tepatitlán,2,40 a 44,2653
PAMF,DIR,2016,6,14,Jalisco,141201252110,UMF 168 Tepatitlán,2,45 a 49,2292
PAMF,DIR,2016,6,14,Jalisco,141201252110,UMF 168 Tepatitlán,2,50 a 54,1951
PAMF,DIR,2016,6,14,Jalisco,141201252110,UMF 168 Tepatitlán,2,55 a 59,1589
PAMF,DIR,2016,6,14,Jalisco,141201252110,UMF 168 Tepatitlán,2,60 a 64,1355
PAMF,DIR,2016,6,14,Jalisco,141201252110,UMF 168 Tepatitlán,2,65 a 69,1149
PAMF,DIR,2016,6,14,Jalisco,141201252110,UMF 168 Tepatitlán,2,70 a 74,963
PAMF,DIR,2016,6,14,Jalisco,141201252110,UMF 168 Tepatitlán,2,75 a 79,699
PAMF,DIR,2016,6,14,Jalisco,141201252110,UMF 168 Tepatitlán,2,80 a 84,485
PAMF,DIR,2016,6,14,Jalisco,141201252110,UMF 168 Tepatitlán,2,85 y mas,599
PAMF,DIR,2016,6,14,Jalisco,141201252110,UMF 168 Tepatitlán,2,NI,13
PAMF,DIR,2017,6,14,Jalisco,141201252110,UMF 168 Tepatitlán,0,00 a 04,6289
PAMF,DIR,2017,6,14,Jalisco,141201252110,UMF 168 Tepatitlán,0,05 a 09,7021
PAMF,DIR,2017,6,14,Jalisco,141201252110,UMF 168 Tepatitlán,0,10 a 14,7201
PAMF,DIR,2017,6,14,Jalisco,141201252110,UMF 168 Tepatitlán,0,15 a 19,4063
PAMF,DIR,2017,6,14,Jalisco,141201252110,UMF 168 Tepatitlán,0,20 a 24,4987
PAMF,DIR,2017,6,14,Jalisco,141201252110,UMF 168 Tepatitlán,0,25 a 29,5943
PAMF,DIR,2017,6,14,Jalisco,141201252110,UMF 168 Tepatitlán,0,30 a 34,6266
PAMF,DIR,2017,6,14,Jalisco,141201252110,UMF 168 Tepatitlán,0,35 a 39,5580
PAMF,DIR,2017,6,14,Jalisco,141201252110,UMF 168 Tepatitlán,0,40 a 44,5155
PAMF,DIR,2017,6,14,Jalisco,141201252110,UMF 168 Tepatitlán,0,45 a 49,4741
PAMF,DIR,2017,6,14,Jalisco,141201252110,UMF 168 Tepatitlán,0,50 a 54,3973
PAMF,DIR,2017,6,14,Jalisco,141201252110,UMF 168 Tepatitlán,0,55 a 59,3183
PAMF,DIR,2017,6,14,Jalisco,141201252110,UMF 168 Tepatitlán,0,60 a 64,2752
PAMF,DIR,2017,6,14,Jalisco,141201252110,UMF 168 Tepatitlán,0,65 a 69,2188
PAMF,DIR,2017,6,14,Jalisco,141201252110,UMF 168 Tepatitlán,0,70 a 74,1804
PAMF,DIR,2017,6,14,Jalisco,141201252110,UMF 168 Tepatitlán,0,75 a 79,1345
PAMF,DIR,2017,6,14,Jalisco,141201252110,UMF 168 Tepatitlán,0,80 a 84,934
PAMF,DIR,2017,6,14,Jalisco,141201252110,UMF 168 Tepatitlán,0,85 y mas,1255
PAMF,DIR,2017,6,14,Jalisco,141201252110,UMF 168 Tepatitlán,0,NI,27
PAMF,DIR,2017,6,14,Jalisco,141201252110,UMF 168 Tepatitlán,1,00 a 04,3221
PAMF,DIR,2017,6,14,Jalisco,141201252110,UMF 168 Tepatitlán,1,05 a 09,3599
PAMF,DIR,2017,6,14,Jalisco,141201252110,UMF 168 Tepatitlán,1,10 a 14,3704
PAMF,DIR,2017,6,14,Jalisco,141201252110,UMF 168 Tepatitlán,1,15 a 19,1921
PAMF,DIR,2017,6,14,Jalisco,141201252110,UMF 168 Tepatitlán,1,20 a 24,2343
PAMF,DIR,2017,6,14,Jalisco,141201252110,UMF 168 Tepatitlán,1,25 a 29,2757
PAMF,DIR,2017,6,14,Jalisco,141201252110,UMF 168 Tepatitlán,1,30 a 34,2985
PAMF,DIR,2017,6,14,Jalisco,141201252110,UMF 168 Tepatitlán,1,35 a 39,2646
PAMF,DIR,2017,6,14,Jalisco,141201252110,UMF 168 Tepatitlán,1,40 a 44,2460
PAMF,DIR,2017,6,14,Jalisco,141201252110,UMF 168 Tepatitlán,1,45 a 49,2239
PAMF,DIR,2017,6,14,Jalisco,141201252110,UMF 168 Tepatitlán,1,50 a 54,1845
PAMF,DIR,2017,6,14,Jalisco,141201252110,UMF 168 Tepatitlán,1,55 a 59,1447
PAMF,DIR,2017,6,14,Jalisco,141201252110,UMF 168 Tepatitlán,1,60 a 64,1278
PAMF,DIR,2017,6,14,Jalisco,141201252110,UMF 168 Tepatitlán,1,65 a 69,1014
PAMF,DIR,2017,6,14,Jalisco,141201252110,UMF 168 Tepatitlán,1,70 a 74,814
PAMF,DIR,2017,6,14,Jalisco,141201252110,UMF 168 Tepatitlán,1,75 a 79,586
PAMF,DIR,2017,6,14,Jalisco,141201252110,UMF 168 Tepatitlán,1,80 a 84,418
PAMF,DIR,2017,6,14,Jalisco,141201252110,UMF 168 Tepatitlán,1,85 y mas,568
PAMF,DIR,2017,6,14,Jalisco,141201252110,UMF 168 Tepatitlán,1,NI,13
PAMF,DIR,2017,6,14,Jalisco,141201252110,UMF 168 Tepatitlán,2,00 a 04,3068
PAMF,DIR,2017,6,14,Jalisco,141201252110,UMF 168 Tepatitlán,2,05 a 09,3422
PAMF,DIR,2017,6,14,Jalisco,141201252110,UMF 168 Tepatitlán,2,10 a 14,3497
PAMF,DIR,2017,6,14,Jalisco,141201252110,UMF 168 Tepatitlán,2,15 a 19,2142
PAMF,DIR,2017,6,14,Jalisco,141201252110,UMF 168 Tepatitlán,2,20 a 24,2644
PAMF,DIR,2017,6,14,Jalisco,141201252110,UMF 168 Tepatitlán,2,25 a 29,3186
PAMF,DIR,2017,6,14,Jalisco,141201252110,UMF 168 Tepatitlán,2,30 a 34,3281
PAMF,DIR,2017,6,14,Jalisco,141201252110,UMF 168 Tepatitlán,2,35 a 39,2934
PAMF,DIR,2017,6,14,Jalisco,141201252110,UMF 168 Tepatitlán,2,40 a 44,2695
PAMF,DIR,2017,6,14,Jalisco,141201252110,UMF 168 Tepatitlán,2,45 a 49,2502
PAMF,DIR,2017,6,14,Jalisco,141201252110,UMF 168 Tepatitlán,2,50 a 54,2128
PAMF,DIR,2017,6,14,Jalisco,141201252110,UMF 168 Tepatitlán,2,55 a 59,1736
PAMF,DIR,2017,6,14,Jalisco,141201252110,UMF 168 Tepatitlán,2,60 a 64,1474
PAMF,DIR,2017,6,14,Jalisco,141201252110,UMF 168 Tepatitlán,2,65 a 69,1174
PAMF,DIR,2017,6,14,Jalisco,141201252110,UMF 168 Tepatitlán,2,70 a 74,990
PAMF,DIR,2017,6,14,Jalisco,141201252110,UMF 168 Tepatitlán,2,75 a 79,759
PAMF,DIR,2017,6,14,Jalisco,141201252110,UMF 168 Tepatitlán,2,80 a 84,516
PAMF,DIR,2017,6,14,Jalisco,141201252110,UMF 168 Tepatitlán,2,85 y mas,687
PAMF,DIR,2017,6,14,Jalisco,141201252110,UMF 168 Tepatitlán,2,NI,14
PAMF,DIR,2018,6,14,Jalisco,141201252110,UMF 168 Tepatitlán,0,00 a 04,6491
PAMF,DIR,2018,6,14,Jalisco,141201252110,UMF 168 Tepatitlán,0,05 a 09,7167
PAMF,DIR,2018,6,14,Jalisco,141201252110,UMF 168 Tepatitlán,0,10 a 14,7408
PAMF,DIR,2018,6,14,Jalisco,141201252110,UMF 168 Tepatitlán,0,15 a 19,4070
PAMF,DIR,2018,6,14,Jalisco,141201252110,UMF 168 Tepatitlán,0,20 a 24,5459
PAMF,DIR,2018,6,14,Jalisco,141201252110,UMF 168 Tepatitlán,0,25 a 29,6233
PAMF,DIR,2018,6,14,Jalisco,141201252110,UMF 168 Tepatitlán,0,30 a 34,6420
PAMF,DIR,2018,6,14,Jalisco,141201252110,UMF 168 Tepatitlán,0,35 a 39,5834
PAMF,DIR,2018,6,14,Jalisco,141201252110,UMF 168 Tepatitlán,0,40 a 44,5274
PAMF,DIR,2018,6,14,Jalisco,141201252110,UMF 168 Tepatitlán,0,45 a 49,5079
PAMF,DIR,2018,6,14,Jalisco,141201252110,UMF 168 Tepatitlán,0,50 a 54,4202
PAMF,DIR,2018,6,14,Jalisco,141201252110,UMF 168 Tepatitlán,0,55 a 59,3479
PAMF,DIR,2018,6,14,Jalisco,141201252110,UMF 168 Tepatitlán,0,60 a 64,2891
PAMF,DIR,2018,6,14,Jalisco,141201252110,UMF 168 Tepatitlán,0,65 a 69,2295
PAMF,DIR,2018,6,14,Jalisco,141201252110,UMF 168 Tepatitlán,0,70 a 74,1877
PAMF,DIR,2018,6,14,Jalisco,141201252110,UMF 168 Tepatitlán,0,75 a 79,1416
PAMF,DIR,2018,6,14,Jalisco,141201252110,UMF 168 Tepatitlán,0,80 a 84,996
PAMF,DIR,2018,6,14,Jalisco,141201252110,UMF 168 Tepatitlán,0,85 y mas,1318
PAMF,DIR,2018,6,14,Jalisco,141201252110,UMF 168 Tepatitlán,0,NI,39
PAMF,DIR,2018,6,14,Jalisco,141201252110,UMF 168 Tepatitlán,1,00 a 04,3302
PAMF,DIR,2018,6,14,Jalisco,141201252110,UMF 168 Tepatitlán,1,05 a 09,3700
PAMF,DIR,2018,6,14,Jalisco,141201252110,UMF 168 Tepatitlán,1,10 a 14,3778
PAMF,DIR,2018,6,14,Jalisco,141201252110,UMF 168 Tepatitlán,1,15 a 19,1908
PAMF,DIR,2018,6,14,Jalisco,141201252110,UMF 168 Tepatitlán,1,20 a 24,2500
PAMF,DIR,2018,6,14,Jalisco,141201252110,UMF 168 Tepatitlán,1,25 a 29,2854
PAMF,DIR,2018,6,14,Jalisco,141201252110,UMF 168 Tepatitlán,1,30 a 34,3042
PAMF,DIR,2018,6,14,Jalisco,141201252110,UMF 168 Tepatitlán,1,35 a 39,2743
PAMF,DIR,2018,6,14,Jalisco,141201252110,UMF 168 Tepatitlán,1,40 a 44,2512
PAMF,DIR,2018,6,14,Jalisco,141201252110,UMF 168 Tepatitlán,1,45 a 49,2397
PAMF,DIR,2018,6,14,Jalisco,141201252110,UMF 168 Tepatitlán,1,50 a 54,1959
PAMF,DIR,2018,6,14,Jalisco,141201252110,UMF 168 Tepatitlán,1,55 a 59,1586
PAMF,DIR,2018,6,14,Jalisco,141201252110,UMF 168 Tepatitlán,1,60 a 64,1334
PAMF,DIR,2018,6,14,Jalisco,141201252110,UMF 168 Tepatitlán,1,65 a 69,1074
PAMF,DIR,2018,6,14,Jalisco,141201252110,UMF 168 Tepatitlán,1,70 a 74,843
PAMF,DIR,2018,6,14,Jalisco,141201252110,UMF 168 Tepatitlán,1,75 a 79,604
PAMF,DIR,2018,6,14,Jalisco,141201252110,UMF 168 Tepatitlán,1,80 a 84,444
PAMF,DIR,2018,6,14,Jalisco,141201252110,UMF 168 Tepatitlán,1,85 y mas,599
PAMF,DIR,2018,6,14,Jalisco,141201252110,UMF 168 Tepatitlán,1,NI,20
PAMF,DIR,2018,6,14,Jalisco,141201252110,UMF 168 Tepatitlán,2,00 a 04,3189
PAMF,DIR,2018,6,14,Jalisco,141201252110,UMF 168 Tepatitlán,2,05 a 09,3467
PAMF,DIR,2018,6,14,Jalisco,141201252110,UMF 168 Tepatitlán,2,10 a 14,3630
PAMF,DIR,2018,6,14,Jalisco,141201252110,UMF 168 Tepatitlán,2,15 a 19,2162
PAMF,DIR,2018,6,14,Jalisco,141201252110,UMF 168 Tepatitlán,2,20 a 24,2959
PAMF,DIR,2018,6,14,Jalisco,141201252110,UMF 168 Tepatitlán,2,25 a 29,3379
PAMF,DIR,2018,6,14,Jalisco,141201252110,UMF 168 Tepatitlán,2,30 a 34,3378
PAMF,DIR,2018,6,14,Jalisco,141201252110,UMF 168 Tepatitlán,2,35 a 39,3091
PAMF,DIR,2018,6,14,Jalisco,141201252110,UMF 168 Tepatitlán,2,40 a 44,2762
PAMF,DIR,2018,6,14,Jalisco,141201252110,UMF 168 Tepatitlán,2,45 a 49,2682
PAMF,DIR,2018,6,14,Jalisco,141201252110,UMF 168 Tepatitlán,2,50 a 54,2243
PAMF,DIR,2018,6,14,Jalisco,141201252110,UMF 168 Tepatitlán,2,55 a 59,1893
PAMF,DIR,2018,6,14,Jalisco,141201252110,UMF 168 Tepatitlán,2,60 a 64,1557
PAMF,DIR,2018,6,14,Jalisco,141201252110,UMF 168 Tepatitlán,2,65 a 69,1221
PAMF,DIR,2018,6,14,Jalisco,141201252110,UMF 168 Tepatitlán,2,70 a 74,1034
PAMF,DIR,2018,6,14,Jalisco,141201252110,UMF 168 Tepatitlán,2,75 a 79,812
PAMF,DIR,2018,6,14,Jalisco,141201252110,UMF 168 Tepatitlán,2,80 a 84,552
PAMF,DIR,2018,6,14,Jalisco,141201252110,UMF 168 Tepatitlán,2,85 y mas,719
PAMF,DIR,2018,6,14,Jalisco,141201252110,UMF 168 Tepatitlán,2,NI,19
PAMF,DIR,2019,6,14,Jalisco,141201252110,UMF 168 Tepatitlán,0,00 a 04,6528
PAMF,DIR,2019,6,14,Jalisco,141201252110,UMF 168 Tepatitlán,0,05 a 09,7303
PAMF,DIR,2019,6,14,Jalisco,141201252110,UMF 168 Tepatitlán,0,10 a 14,7450
PAMF,DIR,2019,6,14,Jalisco,141201252110,UMF 168 Tepatitlán,0,15 a 19,4105
PAMF,DIR,2019,6,14,Jalisco,141201252110,UMF 168 Tepatitlán,0,20 a 24,5687
PAMF,DIR,2019,6,14,Jalisco,141201252110,UMF 168 Tepatitlán,0,25 a 29,6445
PAMF,DIR,2019,6,14,Jalisco,141201252110,UMF 168 Tepatitlán,0,30 a 34,6567
PAMF,DIR,2019,6,14,Jalisco,141201252110,UMF 168 Tepatitlán,0,35 a 39,6101
PAMF,DIR,2019,6,14,Jalisco,141201252110,UMF 168 Tepatitlán,0,40 a 44,5442
PAMF,DIR,2019,6,14,Jalisco,141201252110,UMF 168 Tepatitlán,0,45 a 49,5343
PAMF,DIR,2019,6,14,Jalisco,141201252110,UMF 168 Tepatitlán,0,50 a 54,4481
PAMF,DIR,2019,6,14,Jalisco,141201252110,UMF 168 Tepatitlán,0,55 a 59,3760
PAMF,DIR,2019,6,14,Jalisco,141201252110,UMF 168 Tepatitlán,0,60 a 64,3162
PAMF,DIR,2019,6,14,Jalisco,141201252110,UMF 168 Tepatitlán,0,65 a 69,2425
PAMF,DIR,2019,6,14,Jalisco,141201252110,UMF 168 Tepatitlán,0,70 a 74,1989
PAMF,DIR,2019,6,14,Jalisco,141201252110,UMF 168 Tepatitlán,0,75 a 79,1517
PAMF,DIR,2019,6,14,Jalisco,141201252110,UMF 168 Tepatitlán,0,80 a 84,1057
PAMF,DIR,2019,6,14,Jalisco,141201252110,UMF 168 Tepatitlán,0,85 y mas,1438
PAMF,DIR,2019,6,14,Jalisco,141201252110,UMF 168 Tepatitlán,0,NI,39
PAMF,DIR,2019,6,14,Jalisco,141201252110,UMF 168 Tepatitlán,1,00 a 04,3326
PAMF,DIR,2019,6,14,Jalisco,141201252110,UMF 168 Tepatitlán,1,05 a 09,3832
PAMF,DIR,2019,6,14,Jalisco,141201252110,UMF 168 Tepatitlán,1,10 a 14,3812
PAMF,DIR,2019,6,14,Jalisco,141201252110,UMF 168 Tepatitlán,1,15 a 19,1940
PAMF,DIR,2019,6,14,Jalisco,141201252110,UMF 168 Tepatitlán,1,20 a 24,2595
PAMF,DIR,2019,6,14,Jalisco,141201252110,UMF 168 Tepatitlán,1,25 a 29,2978
PAMF,DIR,2019,6,14,Jalisco,141201252110,UMF 168 Tepatitlán,1,30 a 34,3032
PAMF,DIR,2019,6,14,Jalisco,141201252110,UMF 168 Tepatitlán,1,35 a 39,2903
PAMF,DIR,2019,6,14,Jalisco,141201252110,UMF 168 Tepatitlán,1,40 a 44,2561
PAMF,DIR,2019,6,14,Jalisco,141201252110,UMF 168 Tepatitlán,1,45 a 49,2520
PAMF,DIR,2019,6,14,Jalisco,141201252110,UMF 168 Tepatitlán,1,50 a 54,2075
PAMF,DIR,2019,6,14,Jalisco,141201252110,UMF 168 Tepatitlán,1,55 a 59,1752
PAMF,DIR,2019,6,14,Jalisco,141201252110,UMF 168 Tepatitlán,1,60 a 64,1456
PAMF,DIR,2019,6,14,Jalisco,141201252110,UMF 168 Tepatitlán,1,65 a 69,1135
PAMF,DIR,2019,6,14,Jalisco,141201252110,UMF 168 Tepatitlán,1,70 a 74,882
PAMF,DIR,2019,6,14,Jalisco,141201252110,UMF 168 Tepatitlán,1,75 a 79,665
PAMF,DIR,2019,6,14,Jalisco,141201252110,UMF 168 Tepatitlán,1,80 a 84,460
PAMF,DIR,2019,6,14,Jalisco,141201252110,UMF 168 Tepatitlán,1,85 y mas,651
PAMF,DIR,2019,6,14,Jalisco,141201252110,UMF 168 Tepatitlán,1,NI,18
PAMF,DIR,2019,6,14,Jalisco,141201252110,UMF 168 Tepatitlán,2,00 a 04,3202
PAMF,DIR,2019,6,14,Jalisco,141201252110,UMF 168 Tepatitlán,2,05 a 09,3471
PAMF,DIR,2019,6,14,Jalisco,141201252110,UMF 168 Tepatitlán,2,10 a 14,3638
PAMF,DIR,2019,6,14,Jalisco,141201252110,UMF 168 Tepatitlán,2,15 a 19,2165
PAMF,DIR,2019,6,14,Jalisco,141201252110,UMF 168 Tepatitlán,2,20 a 24,3092
PAMF,DIR,2019,6,14,Jalisco,141201252110,UMF 168 Tepatitlán,2,25 a 29,3467
PAMF,DIR,2019,6,14,Jalisco,141201252110,UMF 168 Tepatitlán,2,30 a 34,3535
PAMF,DIR,2019,6,14,Jalisco,141201252110,UMF 168 Tepatitlán,2,35 a 39,3198
PAMF,DIR,2019,6,14,Jalisco,141201252110,UMF 168 Tepatitlán,2,40 a 44,2881
PAMF,DIR,2019,6,14,Jalisco,141201252110,UMF 168 Tepatitlán,2,45 a 49,2823
PAMF,DIR,2019,6,14,Jalisco,141201252110,UMF 168 Tepatitlán,2,50 a 54,2406
PAMF,DIR,2019,6,14,Jalisco,141201252110,UMF 168 Tepatitlán,2,55 a 59,2008
PAMF,DIR,2019,6,14,Jalisco,141201252110,UMF 168 Tepatitlán,2,60 a 64,1706
PAMF,DIR,2019,6,14,Jalisco,141201252110,UMF 168 Tepatitlán,2,65 a 69,1290
PAMF,DIR,2019,6,14,Jalisco,141201252110,UMF 168 Tepatitlán,2,70 a 74,1107
PAMF,DIR,2019,6,14,Jalisco,141201252110,UMF 168 Tepatitlán,2,75 a 79,852
PAMF,DIR,2019,6,14,Jalisco,141201252110,UMF 168 Tepatitlán,2,80 a 84,597
PAMF,DIR,2019,6,14,Jalisco,141201252110,UMF 168 Tepatitlán,2,85 y mas,787
PAMF,DIR,2019,6,14,Jalisco,141201252110,UMF 168 Tepatitlán,2,NI,21
PAMF,DIR,2020,6,14,Jalisco,141201252110,UMF 168 Tepatitlán,0,00 a 04,6212
PAMF,DIR,2020,6,14,Jalisco,141201252110,UMF 168 Tepatitlán,0,05 a 09,7299
PAMF,DIR,2020,6,14,Jalisco,141201252110,UMF 168 Tepatitlán,0,10 a 14,7570
PAMF,DIR,2020,6,14,Jalisco,141201252110,UMF 168 Tepatitlán,0,15 a 19,4219
PAMF,DIR,2020,6,14,Jalisco,141201252110,UMF 168 Tepatitlán,0,20 a 24,5946
PAMF,DIR,2020,6,14,Jalisco,141201252110,UMF 168 Tepatitlán,0,25 a 29,6508
PAMF,DIR,2020,6,14,Jalisco,141201252110,UMF 168 Tepatitlán,0,30 a 34,6673
PAMF,DIR,2020,6,14,Jalisco,141201252110,UMF 168 Tepatitlán,0,35 a 39,6304
PAMF,DIR,2020,6,14,Jalisco,141201252110,UMF 168 Tepatitlán,0,40 a 44,5559
PAMF,DIR,2020,6,14,Jalisco,141201252110,UMF 168 Tepatitlán,0,45 a 49,5552
PAMF,DIR,2020,6,14,Jalisco,141201252110,UMF 168 Tepatitlán,0,50 a 54,4701
PAMF,DIR,2020,6,14,Jalisco,141201252110,UMF 168 Tepatitlán,0,55 a 59,4091
PAMF,DIR,2020,6,14,Jalisco,141201252110,UMF 168 Tepatitlán,0,60 a 64,3302
PAMF,DIR,2020,6,14,Jalisco,141201252110,UMF 168 Tepatitlán,0,65 a 69,2605
PAMF,DIR,2020,6,14,Jalisco,141201252110,UMF 168 Tepatitlán,0,70 a 74,2116
PAMF,DIR,2020,6,14,Jalisco,141201252110,UMF 168 Tepatitlán,0,75 a 79,1554
PAMF,DIR,2020,6,14,Jalisco,141201252110,UMF 168 Tepatitlán,0,80 a 84,1088
PAMF,DIR,2020,6,14,Jalisco,141201252110,UMF 168 Tepatitlán,0,85 y mas,1508
PAMF,DIR,2020,6,14,Jalisco,141201252110,UMF 168 Tepatitlán,0,NI,33
PAMF,DIR,2020,6,14,Jalisco,141201252110,UMF 168 Tepatitlán,1,00 a 04,3201
PAMF,DIR,2020,6,14,Jalisco,141201252110,UMF 168 Tepatitlán,1,05 a 09,3786
PAMF,DIR,2020,6,14,Jalisco,141201252110,UMF 168 Tepatitlán,1,10 a 14,3846
PAMF,DIR,2020,6,14,Jalisco,141201252110,UMF 168 Tepatitlán,1,15 a 19,2053
PAMF,DIR,2020,6,14,Jalisco,141201252110,UMF 168 Tepatitlán,1,20 a 24,2699
PAMF,DIR,2020,6,14,Jalisco,141201252110,UMF 168 Tepatitlán,1,25 a 29,3005
PAMF,DIR,2020,6,14,Jalisco,141201252110,UMF 168 Tepatitlán,1,30 a 34,3079
PAMF,DIR,2020,6,14,Jalisco,141201252110,UMF 168 Tepatitlán,1,35 a 39,2985
PAMF,DIR,2020,6,14,Jalisco,141201252110,UMF 168 Tepatitlán,1,40 a 44,2602
PAMF,DIR,2020,6,14,Jalisco,141201252110,UMF 168 Tepatitlán,1,45 a 49,2577
PAMF,DIR,2020,6,14,Jalisco,141201252110,UMF 168 Tepatitlán,1,50 a 54,2218
PAMF,DIR,2020,6,14,Jalisco,141201252110,UMF 168 Tepatitlán,1,55 a 59,1902
PAMF,DIR,2020,6,14,Jalisco,141201252110,UMF 168 Tepatitlán,1,60 a 64,1539
PAMF,DIR,2020,6,14,Jalisco,141201252110,UMF 168 Tepatitlán,1,65 a 69,1193
PAMF,DIR,2020,6,14,Jalisco,141201252110,UMF 168 Tepatitlán,1,70 a 74,949
PAMF,DIR,2020,6,14,Jalisco,141201252110,UMF 168 Tepatitlán,1,75 a 79,669
PAMF,DIR,2020,6,14,Jalisco,141201252110,UMF 168 Tepatitlán,1,80 a 84,465
PAMF,DIR,2020,6,14,Jalisco,141201252110,UMF 168 Tepatitlán,1,85 y mas,697
PAMF,DIR,2020,6,14,Jalisco,141201252110,UMF 168 Tepatitlán,1,NI,13
PAMF,DIR,2020,6,14,Jalisco,141201252110,UMF 168 Tepatitlán,2,00 a 04,3011
PAMF,DIR,2020,6,14,Jalisco,141201252110,UMF 168 Tepatitlán,2,05 a 09,3513
PAMF,DIR,2020,6,14,Jalisco,141201252110,UMF 168 Tepatitlán,2,10 a 14,3724
PAMF,DIR,2020,6,14,Jalisco,141201252110,UMF 168 Tepatitlán,2,15 a 19,2166
PAMF,DIR,2020,6,14,Jalisco,141201252110,UMF 168 Tepatitlán,2,20 a 24,3247
PAMF,DIR,2020,6,14,Jalisco,141201252110,UMF 168 Tepatitlán,2,25 a 29,3503
PAMF,DIR,2020,6,14,Jalisco,141201252110,UMF 168 Tepatitlán,2,30 a 34,3594
PAMF,DIR,2020,6,14,Jalisco,141201252110,UMF 168 Tepatitlán,2,35 a 39,3319
PAMF,DIR,2020,6,14,Jalisco,141201252110,UMF 168 Tepatitlán,2,40 a 44,2957
PAMF,DIR,2020,6,14,Jalisco,141201252110,UMF 168 Tepatitlán,2,45 a 49,2975
PAMF,DIR,2020,6,14,Jalisco,141201252110,UMF 168 Tepatitlán,2,50 a 54,2483
PAMF,DIR,2020,6,14,Jalisco,141201252110,UMF 168 Tepatitlán,2,55 a 59,2189
PAMF,DIR,2020,6,14,Jalisco,141201252110,UMF 168 Tepatitlán,2,60 a 64,1763
PAMF,DIR,2020,6,14,Jalisco,141201252110,UMF 168 Tepatitlán,2,65 a 69,1412
PAMF,DIR,2020,6,14,Jalisco,141201252110,UMF 168 Tepatitlán,2,70 a 74,1167
PAMF,DIR,2020,6,14,Jalisco,141201252110,UMF 168 Tepatitlán,2,75 a 79,885
PAMF,DIR,2020,6,14,Jalisco,141201252110,UMF 168 Tepatitlán,2,80 a 84,623
PAMF,DIR,2020,6,14,Jalisco,141201252110,UMF 168 Tepatitlán,2,85 y mas,811
PAMF,DIR,2020,6,14,Jalisco,141201252110,UMF 168 Tepatitlán,2,NI,20
PAMF,DIR,2021,6,14,Jalisco,141201252110,UMF 168 Tepatitlán,0,00 a 04,5763
PAMF,DIR,2021,6,14,Jalisco,141201252110,UMF 168 Tepatitlán,0,05 a 09,7125
PAMF,DIR,2021,6,14,Jalisco,141201252110,UMF 168 Tepatitlán,0,10 a 14,7498
PAMF,DIR,2021,6,14,Jalisco,141201252110,UMF 168 Tepatitlán,0,15 a 19,3830
PAMF,DIR,2021,6,14,Jalisco,141201252110,UMF 168 Tepatitlán,0,20 a 24,6080
PAMF,DIR,2021,6,14,Jalisco,141201252110,UMF 168 Tepatitlán,0,25 a 29,6570
PAMF,DIR,2021,6,14,Jalisco,141201252110,UMF 168 Tepatitlán,0,30 a 34,6659
PAMF,DIR,2021,6,14,Jalisco,141201252110,UMF 168 Tepatitlán,0,35 a 39,6442
PAMF,DIR,2021,6,14,Jalisco,141201252110,UMF 168 Tepatitlán,0,40 a 44,5683
PAMF,DIR,2021,6,14,Jalisco,141201252110,UMF 168 Tepatitlán,0,45 a 49,5521
PAMF,DIR,2021,6,14,Jalisco,141201252110,UMF 168 Tepatitlán,0,50 a 54,4934
PAMF,DIR,2021,6,14,Jalisco,141201252110,UMF 168 Tepatitlán,0,55 a 59,4205
PAMF,DIR,2021,6,14,Jalisco,141201252110,UMF 168 Tepatitlán,0,60 a 64,3462
PAMF,DIR,2021,6,14,Jalisco,141201252110,UMF 168 Tepatitlán,0,65 a 69,2713
PAMF,DIR,2021,6,14,Jalisco,141201252110,UMF 168 Tepatitlán,0,70 a 74,2125
PAMF,DIR,2021,6,14,Jalisco,141201252110,UMF 168 Tepatitlán,0,75 a 79,1579
PAMF,DIR,2021,6,14,Jalisco,141201252110,UMF 168 Tepatitlán,0,80 a 84,1145
PAMF,DIR,2021,6,14,Jalisco,141201252110,UMF 168 Tepatitlán,0,85 y mas,1572
PAMF,DIR,2021,6,14,Jalisco,141201252110,UMF 168 Tepatitlán,0,NI,32
PAMF,DIR,2021,6,14,Jalisco,141201252110,UMF 168 Tepatitlán,1,00 a 04,2935
PAMF,DIR,2021,6,14,Jalisco,141201252110,UMF 168 Tepatitlán,1,05 a 09,3704
PAMF,DIR,2021,6,14,Jalisco,141201252110,UMF 168 Tepatitlán,1,10 a 14,3776
PAMF,DIR,2021,6,14,Jalisco,141201252110,UMF 168 Tepatitlán,1,15 a 19,1952
PAMF,DIR,2021,6,14,Jalisco,141201252110,UMF 168 Tepatitlán,1,20 a 24,2718
PAMF,DIR,2021,6,14,Jalisco,141201252110,UMF 168 Tepatitlán,1,25 a 29,3048
PAMF,DIR,2021,6,14,Jalisco,141201252110,UMF 168 Tepatitlán,1,30 a 34,3019
PAMF,DIR,2021,6,14,Jalisco,141201252110,UMF 168 Tepatitlán,1,35 a 39,3071
PAMF,DIR,2021,6,14,Jalisco,141201252110,UMF 168 Tepatitlán,1,40 a 44,2627
PAMF,DIR,2021,6,14,Jalisco,141201252110,UMF 168 Tepatitlán,1,45 a 49,2550
PAMF,DIR,2021,6,14,Jalisco,141201252110,UMF 168 Tepatitlán,1,50 a 54,2297
PAMF,DIR,2021,6,14,Jalisco,141201252110,UMF 168 Tepatitlán,1,55 a 59,1943
PAMF,DIR,2021,6,14,Jalisco,141201252110,UMF 168 Tepatitlán,1,60 a 64,1575
PAMF,DIR,2021,6,14,Jalisco,141201252110,UMF 168 Tepatitlán,1,65 a 69,1268
PAMF,DIR,2021,6,14,Jalisco,141201252110,UMF 168 Tepatitlán,1,70 a 74,945
PAMF,DIR,2021,6,14,Jalisco,141201252110,UMF 168 Tepatitlán,1,75 a 79,679
PAMF,DIR,2021,6,14,Jalisco,141201252110,UMF 168 Tepatitlán,1,80 a 84,496
PAMF,DIR,2021,6,14,Jalisco,141201252110,UMF 168 Tepatitlán,1,85 y mas,700
PAMF,DIR,2021,6,14,Jalisco,141201252110,UMF 168 Tepatitlán,1,NI,12
PAMF,DIR,2021,6,14,Jalisco,141201252110,UMF 168 Tepatitlán,2,00 a 04,2828
PAMF,DIR,2021,6,14,Jalisco,141201252110,UMF 168 Tepatitlán,2,05 a 09,3421
PAMF,DIR,2021,6,14,Jalisco,141201252110,UMF 168 Tepatitlán,2,10 a 14,3722
PAMF,DIR,2021,6,14,Jalisco,141201252110,UMF 168 Tepatitlán,2,15 a 19,1878
PAMF,DIR,2021,6,14,Jalisco,141201252110,UMF 168 Tepatitlán,2,20 a 24,3362
PAMF,DIR,2021,6,14,Jalisco,141201252110,UMF 168 Tepatitlán,2,25 a 29,3522
PAMF,DIR,2021,6,14,Jalisco,141201252110,UMF 168 Tepatitlán,2,30 a 34,3640
PAMF,DIR,2021,6,14,Jalisco,141201252110,UMF 168 Tepatitlán,2,35 a 39,3371
PAMF,DIR,2021,6,14,Jalisco,141201252110,UMF 168 Tepatitlán,2,40 a 44,3056
PAMF,DIR,2021,6,14,Jalisco,141201252110,UMF 168 Tepatitlán,2,45 a 49,2971
PAMF,DIR,2021,6,14,Jalisco,141201252110,UMF 168 Tepatitlán,2,50 a 54,2637
PAMF,DIR,2021,6,14,Jalisco,141201252110,UMF 168 Tepatitlán,2,55 a 59,2262
PAMF,DIR,2021,6,14,Jalisco,141201252110,UMF 168 Tepatitlán,2,60 a 64,1887
PAMF,DIR,2021,6,14,Jalisco,141201252110,UMF 168 Tepatitlán,2,65 a 69,1445
PAMF,DIR,2021,6,14,Jalisco,141201252110,UMF 168 Tepatitlán,2,70 a 74,1180
PAMF,DIR,2021,6,14,Jalisco,141201252110,UMF 168 Tepatitlán,2,75 a 79,900
PAMF,DIR,2021,6,14,Jalisco,141201252110,UMF 168 Tepatitlán,2,80 a 84,649
PAMF,DIR,2021,6,14,Jalisco,141201252110,UMF 168 Tepatitlán,2,85 y mas,872
PAMF,DIR,2021,6,14,Jalisco,141201252110,UMF 168 Tepatitlán,2,NI,20
PAMF,DIR,2022,6,14,Jalisco,141201252110,UMF 168 Tepatitlán,0,00 a 04,5476
PAMF,DIR,2022,6,14,Jalisco,141201252110,UMF 168 Tepatitlán,0,05 a 09,7077
PAMF,DIR,2022,6,14,Jalisco,141201252110,UMF 168 Tepatitlán,0,10 a 14,7404
PAMF,DIR,2022,6,14,Jalisco,141201252110,UMF 168 Tepatitlán,0,15 a 19,3666
PAMF,DIR,2022,6,14,Jalisco,141201252110,UMF 168 Tepatitlán,0,20 a 24,6260
PAMF,DIR,2022,6,14,Jalisco,141201252110,UMF 168 Tepatitlán,0,25 a 29,6607
PAMF,DIR,2022,6,14,Jalisco,141201252110,UMF 168 Tepatitlán,0,30 a 34,6735
PAMF,DIR,2022,6,14,Jalisco,141201252110,UMF 168 Tepatitlán,0,35 a 39,6517
PAMF,DIR,2022,6,14,Jalisco,141201252110,UMF 168 Tepatitlán,0,40 a 44,5884
PAMF,DIR,2022,6,14,Jalisco,141201252110,UMF 168 Tepatitlán,0,45 a 49,5537
PAMF,DIR,2022,6,14,Jalisco,141201252110,UMF 168 Tepatitlán,0,50 a 54,5176
PAMF,DIR,2022,6,14,Jalisco,141201252110,UMF 168 Tepatitlán,0,55 a 59,4499
PAMF,DIR,2022,6,14,Jalisco,141201252110,UMF 168 Tepatitlán,0,60 a 64,3620
PAMF,DIR,2022,6,14,Jalisco,141201252110,UMF 168 Tepatitlán,0,65 a 69,2896
PAMF,DIR,2022,6,14,Jalisco,141201252110,UMF 168 Tepatitlán,0,70 a 74,2181
PAMF,DIR,2022,6,14,Jalisco,141201252110,UMF 168 Tepatitlán,0,75 a 79,1612
PAMF,DIR,2022,6,14,Jalisco,141201252110,UMF 168 Tepatitlán,0,80 a 84,1150
PAMF,DIR,2022,6,14,Jalisco,141201252110,UMF 168 Tepatitlán,0,85 y mas,1699
PAMF,DIR,2022,6,14,Jalisco,141201252110,UMF 168 Tepatitlán,0,NI,35
PAMF,DIR,2022,6,14,Jalisco,141201252110,UMF 168 Tepatitlán,1,00 a 04,2814
PAMF,DIR,2022,6,14,Jalisco,141201252110,UMF 168 Tepatitlán,1,05 a 09,3613
PAMF,DIR,2022,6,14,Jalisco,141201252110,UMF 168 Tepatitlán,1,10 a 14,3773
PAMF,DIR,2022,6,14,Jalisco,141201252110,UMF 168 Tepatitlán,1,15 a 19,1851
PAMF,DIR,2022,6,14,Jalisco,141201252110,UMF 168 Tepatitlán,1,20 a 24,2790
PAMF,DIR,2022,6,14,Jalisco,141201252110,UMF 168 Tepatitlán,1,25 a 29,3045
PAMF,DIR,2022,6,14,Jalisco,141201252110,UMF 168 Tepatitlán,1,30 a 34,3022
PAMF,DIR,2022,6,14,Jalisco,141201252110,UMF 168 Tepatitlán,1,35 a 39,3061
PAMF,DIR,2022,6,14,Jalisco,141201252110,UMF 168 Tepatitlán,1,40 a 44,2681
PAMF,DIR,2022,6,14,Jalisco,141201252110,UMF 168 Tepatitlán,1,45 a 49,2539
PAMF,DIR,2022,6,14,Jalisco,141201252110,UMF 168 Tepatitlán,1,50 a 54,2369
PAMF,DIR,2022,6,14,Jalisco,141201252110,UMF 168 Tepatitlán,1,55 a 59,2098
PAMF,DIR,2022,6,14,Jalisco,141201252110,UMF 168 Tepatitlán,1,60 a 64,1656
PAMF,DIR,2022,6,14,Jalisco,141201252110,UMF 168 Tepatitlán,1,65 a 69,1336
PAMF,DIR,2022,6,14,Jalisco,141201252110,UMF 168 Tepatitlán,1,70 a 74,994
PAMF,DIR,2022,6,14,Jalisco,141201252110,UMF 168 Tepatitlán,1,75 a 79,701
PAMF,DIR,2022,6,14,Jalisco,141201252110,UMF 168 Tepatitlán,1,80 a 84,489
PAMF,DIR,2022,6,14,Jalisco,141201252110,UMF 168 Tepatitlán,1,85 y mas,748
PAMF,DIR,2022,6,14,Jalisco,141201252110,UMF 168 Tepatitlán,1,NI,16
PAMF,DIR,2022,6,14,Jalisco,141201252110,UMF 168 Tepatitlán,2,00 a 04,2662
PAMF,DIR,2022,6,14,Jalisco,141201252110,UMF 168 Tepatitlán,2,05 a 09,3464
PAMF,DIR,2022,6,14,Jalisco,141201252110,UMF 168 Tepatitlán,2,10 a 14,3631
PAMF,DIR,2022,6,14,Jalisco,141201252110,UMF 168 Tepatitlán,2,15 a 19,1815
PAMF,DIR,2022,6,14,Jalisco,141201252110,UMF 168 Tepatitlán,2,20 a 24,3470
PAMF,DIR,2022,6,14,Jalisco,141201252110,UMF 168 Tepatitlán,2,25 a 29,3562
PAMF,DIR,2022,6,14,Jalisco,141201252110,UMF 168 Tepatitlán,2,30 a 34,3713
PAMF,DIR,2022,6,14,Jalisco,141201252110,UMF 168 Tepatitlán,2,35 a 39,3456
PAMF,DIR,2022,6,14,Jalisco,141201252110,UMF 168 Tepatitlán,2,40 a 44,3203
PAMF,DIR,2022,6,14,Jalisco,141201252110,UMF 168 Tepatitlán,2,45 a 49,2998
PAMF,DIR,2022,6,14,Jalisco,141201252110,UMF 168 Tepatitlán,2,50 a 54,2807
PAMF,DIR,2022,6,14,Jalisco,141201252110,UMF 168 Tepatitlán,2,55 a 59,2401
PAMF,DIR,2022,6,14,Jalisco,141201252110,UMF 168 Tepatitlán,2,60 a 64,1964
PAMF,DIR,2022,6,14,Jalisco,141201252110,UMF 168 Tepatitlán,2,65 a 69,1560
PAMF,DIR,2022,6,14,Jalisco,141201252110,UMF 168 Tepatitlán,2,70 a 74,1187
PAMF,DIR,2022,6,14,Jalisco,141201252110,UMF 168 Tepatitlán,2,75 a 79,911
PAMF,DIR,2022,6,14,Jalisco,141201252110,UMF 168 Tepatitlán,2,80 a 84,661
PAMF,DIR,2022,6,14,Jalisco,141201252110,UMF 168 Tepatitlán,2,85 y mas,951
PAMF,DIR,2022,6,14,Jalisco,141201252110,UMF 168 Tepatitlán,2,NI,19
PAMF,DIR,2023,6,14,Jalisco,141201252110,UMF 168 Tepatitlán,0,00 a 04,5340
PAMF,DIR,2023,6,14,Jalisco,141201252110,UMF 168 Tepatitlán,0,05 a 09,7053
PAMF,DIR,2023,6,14,Jalisco,141201252110,UMF 168 Tepatitlán,0,10 a 14,7418
PAMF,DIR,2023,6,14,Jalisco,141201252110,UMF 168 Tepatitlán,0,15 a 19,3535
PAMF,DIR,2023,6,14,Jalisco,141201252110,UMF 168 Tepatitlán,0,20 a 24,6177
PAMF,DIR,2023,6,14,Jalisco,141201252110,UMF 168 Tepatitlán,0,25 a 29,6749
PAMF,DIR,2023,6,14,Jalisco,141201252110,UMF 168 Tepatitlán,0,30 a 34,6935
PAMF,DIR,2023,6,14,Jalisco,141201252110,UMF 168 Tepatitlán,0,35 a 39,6632
PAMF,DIR,2023,6,14,Jalisco,141201252110,UMF 168 Tepatitlán,0,40 a 44,6036
PAMF,DIR,2023,6,14,Jalisco,141201252110,UMF 168 Tepatitlán,0,45 a 49,5653
PAMF,DIR,2023,6,14,Jalisco,141201252110,UMF 168 Tepatitlán,0,50 a 54,5540
PAMF,DIR,2023,6,14,Jalisco,141201252110,UMF 168 Tepatitlán,0,55 a 59,4806
PAMF,DIR,2023,6,14,Jalisco,141201252110,UMF 168 Tepatitlán,0,60 a 64,3918
PAMF,DIR,2023,6,14,Jalisco,141201252110,UMF 168 Tepatitlán,0,65 a 69,3078
PAMF,DIR,2023,6,14,Jalisco,141201252110,UMF 168 Tepatitlán,0,70 a 74,2243
PAMF,DIR,2023,6,14,Jalisco,141201252110,UMF 168 Tepatitlán,0,75 a 79,1710
PAMF,DIR,2023,6,14,Jalisco,141201252110,UMF 168 Tepatitlán,0,80 a 84,1200
PAMF,DIR,2023,6,14,Jalisco,141201252110,UMF 168 Tepatitlán,0,85 y mas,1824
PAMF,DIR,2023,6,14,Jalisco,141201252110,UMF 168 Tepatitlán,0,NI,28
PAMF,DIR,2023,6,14,Jalisco,141201252110,UMF 168 Tepatitlán,1,00 a 04,2707
PAMF,DIR,2023,6,14,Jalisco,141201252110,UMF 168 Tepatitlán,1,05 a 09,3595
PAMF,DIR,2023,6,14,Jalisco,141201252110,UMF 168 Tepatitlán,1,10 a 14,3810
PAMF,DIR,2023,6,14,Jalisco,141201252110,UMF 168 Tepatitlán,1,15 a 19,1702
PAMF,DIR,2023,6,14,Jalisco,141201252110,UMF 168 Tepatitlán,1,20 a 24,2758
PAMF,DIR,2023,6,14,Jalisco,141201252110,UMF 168 Tepatitlán,1,25 a 29,3088
PAMF,DIR,2023,6,14,Jalisco,141201252110,UMF 168 Tepatitlán,1,30 a 34,3100
PAMF,DIR,2023,6,14,Jalisco,141201252110,UMF 168 Tepatitlán,1,35 a 39,3069
PAMF,DIR,2023,6,14,Jalisco,141201252110,UMF 168 Tepatitlán,1,40 a 44,2774
PAMF,DIR,2023,6,14,Jalisco,141201252110,UMF 168 Tepatitlán,1,45 a 49,2569
PAMF,DIR,2023,6,14,Jalisco,141201252110,UMF 168 Tepatitlán,1,50 a 54,2539
PAMF,DIR,2023,6,14,Jalisco,141201252110,UMF 168 Tepatitlán,1,55 a 59,2214
PAMF,DIR,2023,6,14,Jalisco,141201252110,UMF 168 Tepatitlán,1,60 a 64,1772
PAMF,DIR,2023,6,14,Jalisco,141201252110,UMF 168 Tepatitlán,1,65 a 69,1418
PAMF,DIR,2023,6,14,Jalisco,141201252110,UMF 168 Tepatitlán,1,70 a 74,1031
PAMF,DIR,2023,6,14,Jalisco,141201252110,UMF 168 Tepatitlán,1,75 a 79,739
PAMF,DIR,2023,6,14,Jalisco,141201252110,UMF 168 Tepatitlán,1,80 a 84,500
PAMF,DIR,2023,6,14,Jalisco,141201252110,UMF 168 Tepatitlán,1,85 y mas,808
PAMF,DIR,2023,6,14,Jalisco,141201252110,UMF 168 Tepatitlán,1,NI,13
PAMF,DIR,2023,6,14,Jalisco,141201252110,UMF 168 Tepatitlán,2,00 a 04,2633
PAMF,DIR,2023,6,14,Jalisco,141201252110,UMF 168 Tepatitlán,2,05 a 09,3458
PAMF,DIR,2023,6,14,Jalisco,141201252110,UMF 168 Tepatitlán,2,10 a 14,3608
PAMF,DIR,2023,6,14,Jalisco,141201252110,UMF 168 Tepatitlán,2,15 a 19,1833
PAMF,DIR,2023,6,14,Jalisco,141201252110,UMF 168 Tepatitlán,2,20 a 24,3419
PAMF,DIR,2023,6,14,Jalisco,141201252110,UMF 168 Tepatitlán,2,25 a 29,3661
PAMF,DIR,2023,6,14,Jalisco,141201252110,UMF 168 Tepatitlán,2,30 a 34,3835
PAMF,DIR,2023,6,14,Jalisco,141201252110,UMF 168 Tepatitlán,2,35 a 39,3563
PAMF,DIR,2023,6,14,Jalisco,141201252110,UMF 168 Tepatitlán,2,40 a 44,3262
PAMF,DIR,2023,6,14,Jalisco,141201252110,UMF 168 Tepatitlán,2,45 a 49,3084
PAMF,DIR,2023,6,14,Jalisco,141201252110,UMF 168 Tepatitlán,2,50 a 54,3001
PAMF,DIR,2023,6,14,Jalisco,141201252110,UMF 168 Tepatitlán,2,55 a 59,2592
PAMF,DIR,2023,6,14,Jalisco,141201252110,UMF 168 Tepatitlán,2,60 a 64,2146
PAMF,DIR,2023,6,14,Jalisco,141201252110,UMF 168 Tepatitlán,2,65 a 69,1660
PAMF,DIR,2023,6,14,Jalisco,141201252110,UMF 168 Tepatitlán,2,70 a 74,1212
PAMF,DIR,2023,6,14,Jalisco,141201252110,UMF 168 Tepatitlán,2,75 a 79,971
PAMF,DIR,2023,6,14,Jalisco,141201252110,UMF 168 Tepatitlán,2,80 a 84,700
PAMF,DIR,2023,6,14,Jalisco,141201252110,UMF 168 Tepatitlán,2,85 y mas,1016
PAMF,DIR,2023,6,14,Jalisco,141201252110,UMF 168 Tepatitlán,2,NI,15
PAMF,DIR,2024,3,14,Jalisco,141201252110,UMF 168 Tepatitlán,0,00 a 04,5182
PAMF,DIR,2024,3,14,Jalisco,141201252110,UMF 168 Tepatitlán,0,05 a 09,7052
PAMF,DIR,2024,3,14,Jalisco,141201252110,UMF 168 Tepatitlán,0,10 a 14,7622
PAMF,DIR,2024,3,14,Jalisco,141201252110,UMF 168 Tepatitlán,0,15 a 19,3606
PAMF,DIR,2024,3,14,Jalisco,141201252110,UMF 168 Tepatitlán,0,20 a 24,6080
PAMF,DIR,2024,3,14,Jalisco,141201252110,UMF 168 Tepatitlán,0,25 a 29,6790
PAMF,DIR,2024,3,14,Jalisco,141201252110,UMF 168 Tepatitlán,0,30 a 34,7002
PAMF,DIR,2024,3,14,Jalisco,141201252110,UMF 168 Tepatitlán,0,35 a 39,6706
PAMF,DIR,2024,3,14,Jalisco,141201252110,UMF 168 Tepatitlán,0,40 a 44,6212
PAMF,DIR,2024,3,14,Jalisco,141201252110,UMF 168 Tepatitlán,0,45 a 49,5714
PAMF,DIR,2024,3,14,Jalisco,141201252110,UMF 168 Tepatitlán,0,50 a 54,5796
PAMF,DIR,2024,3,14,Jalisco,141201252110,UMF 168 Tepatitlán,0,55 a 59,5008
PAMF,DIR,2024,3,14,Jalisco,141201252110,UMF 168 Tepatitlán,0,60 a 64,4153
PAMF,DIR,2024,3,14,Jalisco,141201252110,UMF 168 Tepatitlán,0,65 a 69,3185
PAMF,DIR,2024,3,14,Jalisco,141201252110,UMF 168 Tepatitlán,0,70 a 74,2359
PAMF,DIR,2024,3,14,Jalisco,141201252110,UMF 168 Tepatitlán,0,75 a 79,1760
PAMF,DIR,2024,3,14,Jalisco,141201252110,UMF 168 Tepatitlán,0,80 a 84,1266
PAMF,DIR,2024,3,14,Jalisco,141201252110,UMF 168 Tepatitlán,0,85 y mas,1879
PAMF,DIR,2024,3,14,Jalisco,141201252110,UMF 168 Tepatitlán,0,NI,25
PAMF,DIR,2024,3,14,Jalisco,141201252110,UMF 168 Tepatitlán,1,00 a 04,2649
PAMF,DIR,2024,3,14,Jalisco,141201252110,UMF 168 Tepatitlán,1,05 a 09,3589
PAMF,DIR,2024,3,14,Jalisco,141201252110,UMF 168 Tepatitlán,1,10 a 14,3912
PAMF,DIR,2024,3,14,Jalisco,141201252110,UMF 168 Tepatitlán,1,15 a 19,1748
PAMF,DIR,2024,3,14,Jalisco,141201252110,UMF 168 Tepatitlán,1,20 a 24,2737
PAMF,DIR,2024,3,14,Jalisco,141201252110,UMF 168 Tepatitlán,1,25 a 29,3087
PAMF,DIR,2024,3,14,Jalisco,141201252110,UMF 168 Tepatitlán,1,30 a 34,3184
PAMF,DIR,2024,3,14,Jalisco,141201252110,UMF 168 Tepatitlán,1,35 a 39,3036
PAMF,DIR,2024,3,14,Jalisco,141201252110,UMF 168 Tepatitlán,1,40 a 44,2855
PAMF,DIR,2024,3,14,Jalisco,141201252110,UMF 168 Tepatitlán,1,45 a 49,2564
PAMF,DIR,2024,3,14,Jalisco,141201252110,UMF 168 Tepatitlán,1,50 a 54,2619
PAMF,DIR,2024,3,14,Jalisco,141201252110,UMF 168 Tepatitlán,1,55 a 59,2307
PAMF,DIR,2024,3,14,Jalisco,141201252110,UMF 168 Tepatitlán,1,60 a 64,1916
PAMF,DIR,2024,3,14,Jalisco,141201252110,UMF 168 Tepatitlán,1,65 a 69,1464
PAMF,DIR,2024,3,14,Jalisco,141201252110,UMF 168 Tepatitlán,1,70 a 74,1085
PAMF,DIR,2024,3,14,Jalisco,141201252110,UMF 168 Tepatitlán,1,75 a 79,762
PAMF,DIR,2024,3,14,Jalisco,141201252110,UMF 168 Tepatitlán,1,80 a 84,537
PAMF,DIR,2024,3,14,Jalisco,141201252110,UMF 168 Tepatitlán,1,85 y mas,818
PAMF,DIR,2024,3,14,Jalisco,141201252110,UMF 168 Tepatitlán,1,NI,9
PAMF,DIR,2024,3,14,Jalisco,141201252110,UMF 168 Tepatitlán,2,00 a 04,2533
PAMF,DIR,2024,3,14,Jalisco,141201252110,UMF 168 Tepatitlán,2,05 a 09,3463
PAMF,DIR,2024,3,14,Jalisco,141201252110,UMF 168 Tepatitlán,2,10 a 14,3710
PAMF,DIR,2024,3,14,Jalisco,141201252110,UMF 168 Tepatitlán,2,15 a 19,1858
PAMF,DIR,2024,3,14,Jalisco,141201252110,UMF 168 Tepatitlán,2,20 a 24,3343
PAMF,DIR,2024,3,14,Jalisco,141201252110,UMF 168 Tepatitlán,2,25 a 29,3703
PAMF,DIR,2024,3,14,Jalisco,141201252110,UMF 168 Tepatitlán,2,30 a 34,3818
PAMF,DIR,2024,3,14,Jalisco,141201252110,UMF 168 Tepatitlán,2,35 a 39,3670
PAMF,DIR,2024,3,14,Jalisco,141201252110,UMF 168 Tepatitlán,2,40 a 44,3357
PAMF,DIR,2024,3,14,Jalisco,141201252110,UMF 168 Tepatitlán,2,45 a 49,3150
PAMF,DIR,2024,3,14,Jalisco,141201252110,UMF 168 Tepatitlán,2,50 a 54,3177
PAMF,DIR,2024,3,14,Jalisco,141201252110,UMF 168 Tepatitlán,2,55 a 59,2701
PAMF,DIR,2024,3,14,Jalisco,141201252110,UMF 168 Tepatitlán,2,60 a 64,2237
PAMF,DIR,2024,3,14,Jalisco,141201252110,UMF 168 Tepatitlán,2,65 a 69,1721
PAMF,DIR,2024,3,14,Jalisco,141201252110,UMF 168 Tepatitlán,2,70 a 74,1274
PAMF,DIR,2024,3,14,Jalisco,141201252110,UMF 168 Tepatitlán,2,75 a 79,998
PAMF,DIR,2024,3,14,Jalisco,141201252110,UMF 168 Tepatitlán,2,80 a 84,729
PAMF,DIR,2024,3,14,Jalisco,141201252110,UMF 168 Tepatitlán,2,85 y mas,1061
PAMF,DIR,2024,3,14,Jalisco,141201252110,UMF 168 Tepatitlán,2,NI,16
